1,1427675512012,2015-03-30-8-31-52AM,1011.96606,10.695925,205,205
2,1427675512212,2015-03-30-8-31-52AM,1012.6054,5.3691006,200,205
3,1427675512412,2015-03-30-8-31-52AM,1012.5667,5.6914577,200,205
4,1427675512612,2015-03-30-8-31-52AM,1012.5785,5.5910516,200,205
5,1427675512812,2015-03-30-8-31-52AM,1012.652,4.980686,200,205
6,1427675513012,2015-03-30-8-31-53AM,1012.59766,5.432515,200,205
7,1427675513212,2015-03-30-8-31-53AM,1012.6278,5.181499,200,205
8,1427675513412,2015-03-30-8-31-53AM,1012.4958,6.280685,200,205
9,1427675513612,2015-03-30-8-31-53AM,1012.4652,6.5343432,200,205
10,1427675513893,2015-03-30-8-31-53AM,1012.55084,5.8235717,281,205
11,1427675514212,2015-03-30-8-31-54AM,1012.5728,5.6386127,319,205
12,1427675514412,2015-03-30-8-31-54AM,1012.62006,5.2449136,200,205
13,1427675514612,2015-03-30-8-31-54AM,1012.4501,6.6611724,200,205
14,1427675514812,2015-03-30-8-31-54AM,1012.5926,5.4747915,200,205
15,1427675515012,2015-03-30-8-31-55AM,1012.63525,5.1180844,200,205
16,1427675515212,2015-03-30-8-31-55AM,1012.47046,6.492067,200,205
17,1427675515412,2015-03-30-8-31-55AM,1012.68823,4.679467,200,205
18,1427675515612,2015-03-30-8-31-55AM,1012.6524,4.975402,200,205
19,1427675515812,2015-03-30-8-31-55AM,1012.7069,4.523573,200,205
20,1427675516012,2015-03-30-8-31-56AM,1012.498,6.262189,200,205
21,1427675516212,2015-03-30-8-31-56AM,1012.5444,5.876417,200,205
22,1427675516412,2015-03-30-8-31-56AM,1012.5967,5.440442,200,205
23,1427675516612,2015-03-30-8-31-56AM,1012.6159,5.2792635,200,205
24,1427675516812,2015-03-30-8-31-56AM,1012.67944,4.7508087,200,205
25,1427675517012,2015-03-30-8-31-57AM,1012.7592,4.087598,200,205
26,1427675517212,2015-03-30-8-31-57AM,1012.4194,6.917473,200,205
27,1427675517412,2015-03-30-8-31-57AM,1012.58466,5.5408483,200,205
28,1427675517612,2015-03-30-8-31-57AM,1012.6771,4.771947,200,205
29,1427675517812,2015-03-30-8-31-57AM,1012.64655,5.025605,200,205
30,1427675518012,2015-03-30-8-31-58AM,1012.5472,5.852637,200,205
31,1427675518212,2015-03-30-8-31-58AM,1012.5734,5.633328,200,205
32,1427675518414,2015-03-30-8-31-58AM,1012.5788,5.5910516,202,205
33,1427675518812,2015-03-30-8-31-58AM,1012.6894,4.668898,398,205
34,1427675519012,2015-03-30-8-31-59AM,1012.7462,4.195931,200,205
35,1427675519212,2015-03-30-8-31-59AM,1012.7829,3.8894272,200,205
36,1427675519412,2015-03-30-8-31-59AM,1012.6522,4.978044,200,205
37,1427675519612,2015-03-30-8-31-59AM,1012.6631,4.8882065,200,205
38,1427675519812,2015-03-30-8-31-59AM,1012.6733,4.8036537,200,205
39,1427675520012,2015-03-30-8-32-00AM,1012.652,4.980686,200,205
40,1427675520212,2015-03-30-8-32-00AM,1012.5665,5.6914577,200,205
41,1427675520412,2015-03-30-8-32-00AM,1012.6605,4.9093447,200,205
42,1427675520612,2015-03-30-8-32-00AM,1012.622,5.22906,200,205
43,1427675520812,2015-03-30-8-32-00AM,1012.6425,5.0599546,200,205
44,1427675521012,2015-03-30-8-32-01AM,1012.5881,5.5117836,200,205
45,1427675521212,2015-03-30-8-32-01AM,1012.59546,5.451011,200,205
46,1427675521412,2015-03-30-8-32-01AM,1012.54865,5.8420677,200,205
47,1427675521612,2015-03-30-8-32-01AM,1012.6801,4.745524,200,205
48,1427675521812,2015-03-30-8-32-01AM,1012.5157,6.1142216,200,205
49,1427675522012,2015-03-30-8-32-02AM,1012.66315,4.8882065,200,205
50,1427675522212,2015-03-30-8-32-02AM,1012.6729,4.8062963,200,205
51,1427675522413,2015-03-30-8-32-02AM,1012.574,5.630686,201,205
52,1427675522613,2015-03-30-8-32-02AM,1012.599,5.421946,200,205
53,1427675523012,2015-03-30-8-32-03AM,1012.5552,5.78658,399,205
54,1427675523212,2015-03-30-8-32-03AM,1012.8095,3.6674762,200,205
55,1427675523412,2015-03-30-8-32-03AM,1012.70544,4.534142,200,205
56,1427675523612,2015-03-30-8-32-03AM,1012.6544,4.959548,200,205
57,1427675523812,2015-03-30-8-32-03AM,1012.6592,4.9199142,200,205
58,1427675524012,2015-03-30-8-32-04AM,1012.71265,4.4733696,200,205
59,1427675524212,2015-03-30-8-32-04AM,1012.59076,5.4906454,200,205
60,1427675524412,2015-03-30-8-32-04AM,1012.57104,5.654466,200,205
61,1427675524612,2015-03-30-8-32-04AM,1012.71185,4.4812965,200,205
62,1427675524812,2015-03-30-8-32-04AM,1012.7188,4.4231663,200,205
63,1427675525012,2015-03-30-8-32-05AM,1012.70294,4.55528,200,205
64,1427675525212,2015-03-30-8-32-05AM,1012.58344,5.5514174,200,205
65,1427675525412,2015-03-30-8-32-05AM,1012.48047,6.407514,200,205
66,1427675525612,2015-03-30-8-32-05AM,1012.49646,6.2754006,200,205
67,1427675525812,2015-03-30-8-32-05AM,1012.6734,4.8010116,200,205
68,1427675526012,2015-03-30-8-32-06AM,1012.5892,5.5038567,200,205
69,1427675526212,2015-03-30-8-32-06AM,1012.5996,5.4166613,200,205
70,1427675526412,2015-03-30-8-32-06AM,1012.6504,4.9938974,200,205
71,1427675526612,2015-03-30-8-32-06AM,1012.5596,5.749588,200,205
72,1427675526812,2015-03-30-8-32-06AM,1012.5883,5.509141,200,205
73,1427675527012,2015-03-30-8-32-07AM,1012.55475,5.7892222,200,205
74,1427675527212,2015-03-30-8-32-07AM,1012.6285,5.1762147,200,205
75,1427675527412,2015-03-30-8-32-07AM,1012.6184,5.2607675,200,205
76,1427675527612,2015-03-30-8-32-07AM,1012.6063,5.3611736,200,205
77,1427675527812,2015-03-30-8-32-07AM,1012.7265,4.3597517,200,205
78,1427675528012,2015-03-30-8-32-08AM,1012.63513,5.1207266,200,205
79,1427675528212,2015-03-30-8-32-08AM,1012.6673,4.851215,200,205
80,1427675528412,2015-03-30-8-32-08AM,1012.58826,5.5117836,200,205
81,1427675528612,2015-03-30-8-32-08AM,1012.5705,5.659751,200,205
82,1427675528812,2015-03-30-8-32-08AM,1012.5803,5.5778403,200,205
83,1427675529012,2015-03-30-8-32-09AM,1012.5918,5.480076,200,205
84,1427675529212,2015-03-30-8-32-09AM,1012.73676,4.272557,200,205
85,1427675529412,2015-03-30-8-32-09AM,1012.69226,4.6451178,200,205
86,1427675529612,2015-03-30-8-32-09AM,1012.64905,5.004467,200,205
87,1427675529812,2015-03-30-8-32-09AM,1012.7229,4.388817,200,205
88,1427675530012,2015-03-30-8-32-10AM,1012.64996,4.99654,200,205
89,1427675530212,2015-03-30-8-32-10AM,1012.58545,5.535564,200,205
90,1427675530412,2015-03-30-8-32-10AM,1012.562,5.72845,200,205
91,1427675530612,2015-03-30-8-32-10AM,1012.63885,5.08902,200,205
92,1427675530812,2015-03-30-8-32-10AM,1012.5472,5.852637,200,205
93,1427675531012,2015-03-30-8-32-11AM,1012.75885,4.09024,200,205
94,1427675531212,2015-03-30-8-32-11AM,1012.6254,5.202637,200,205
95,1427675531412,2015-03-30-8-32-11AM,1012.5856,5.532922,200,205
96,1427675531612,2015-03-30-8-32-11AM,1012.64905,5.004467,200,205
97,1427675531812,2015-03-30-8-32-11AM,1012.5432,5.8869863,200,205
98,1427675532012,2015-03-30-8-32-12AM,1012.61536,5.284548,200,205
99,1427675532212,2015-03-30-8-32-12AM,1012.66113,4.9040604,200,205
100,1427675532412,2015-03-30-8-32-12AM,1012.5832,5.55406,200,205
101,1427675532612,2015-03-30-8-32-12AM,1012.5975,5.432515,200,205
102,1427675532812,2015-03-30-8-32-12AM,1012.7034,4.552638,200,205
103,1427675533012,2015-03-30-8-32-13AM,1012.6276,5.181499,200,205
104,1427675533212,2015-03-30-8-32-13AM,1012.5199,6.079872,200,205
105,1427675533412,2015-03-30-8-32-13AM,1012.5907,5.4906454,200,205
106,1427675533612,2015-03-30-8-32-13AM,1012.6115,5.316255,200,205
107,1427675533812,2015-03-30-8-32-13AM,1012.5636,5.7152386,200,205
108,1427675534012,2015-03-30-8-32-14AM,1012.61365,5.3004017,200,205
109,1427675534212,2015-03-30-8-32-14AM,1012.5499,5.8314986,200,205
110,1427675534412,2015-03-30-8-32-14AM,1012.5706,5.6571083,200,205
111,1427675534612,2015-03-30-8-32-14AM,1012.53033,5.992677,200,205
112,1427675534812,2015-03-30-8-32-14AM,1012.66327,4.8855643,200,205
113,1427675535012,2015-03-30-8-32-15AM,1012.5638,5.7152386,200,205
114,1427675535212,2015-03-30-8-32-15AM,1012.6473,5.0203204,200,205
115,1427675535412,2015-03-30-8-32-15AM,1012.56836,5.6756043,200,205
116,1427675535612,2015-03-30-8-32-15AM,1012.637,5.104873,200,205
117,1427675535812,2015-03-30-8-32-15AM,1012.5362,5.945116,200,205
118,1427675536012,2015-03-30-8-32-16AM,1012.61365,5.3004017,200,205
119,1427675536212,2015-03-30-8-32-16AM,1012.5795,5.5831246,200,205
120,1427675536412,2015-03-30-8-32-16AM,1012.53314,5.968897,200,205
121,1427675536612,2015-03-30-8-32-16AM,1012.50964,6.1670675,200,205
122,1427675536812,2015-03-30-8-32-16AM,1012.5372,5.9371896,200,205
123,1427675537012,2015-03-30-8-32-17AM,1012.5979,5.429873,200,205
124,1427675537212,2015-03-30-8-32-17AM,1012.5966,5.440442,200,205
125,1427675537412,2015-03-30-8-32-17AM,1012.68207,4.7296705,200,205
126,1427675537612,2015-03-30-8-32-17AM,1012.5892,5.5038567,200,205
127,1427675537812,2015-03-30-8-32-17AM,1012.56665,5.6914577,200,205
128,1427675538013,2015-03-30-8-32-18AM,1012.726,4.3623943,201,205
129,1427675538213,2015-03-30-8-32-18AM,1012.63153,5.1497917,200,205
130,1427675538612,2015-03-30-8-32-18AM,1012.61285,5.305686,399,205
131,1427675538812,2015-03-30-8-32-18AM,1012.61414,5.295117,200,205
132,1427675539012,2015-03-30-8-32-19AM,1012.5453,5.86849,200,205
133,1427675539212,2015-03-30-8-32-19AM,1012.44653,6.6902375,200,205
134,1427675539412,2015-03-30-8-32-19AM,1012.5519,5.8130026,200,205
135,1427675539613,2015-03-30-8-32-19AM,1012.6662,4.861784,201,205
136,1427675540012,2015-03-30-8-32-20AM,1012.484,6.3784494,399,205
137,1427675540212,2015-03-30-8-32-20AM,1012.63684,5.1075153,200,205
138,1427675540412,2015-03-30-8-32-20AM,1012.4954,6.283327,200,205
139,1427675540612,2015-03-30-8-32-20AM,1012.6407,5.073166,200,205
140,1427675540812,2015-03-30-8-32-20AM,1012.6437,5.0493855,200,205
141,1427675541012,2015-03-30-8-32-21AM,1012.596,5.4457264,200,205
142,1427675541212,2015-03-30-8-32-21AM,1012.60736,5.3506045,200,205
143,1427675541412,2015-03-30-8-32-21AM,1012.61017,5.3294663,200,205
144,1427675541612,2015-03-30-8-32-21AM,1012.6967,4.6081257,200,205
145,1427675541812,2015-03-30-8-32-21AM,1012.51373,6.1327176,200,205
146,1427675542012,2015-03-30-8-32-22AM,1012.6215,5.2343445,200,205
147,1427675542212,2015-03-30-8-32-22AM,1012.56573,5.6993847,200,205
148,1427675542412,2015-03-30-8-32-22AM,1012.5475,5.8499947,200,205
149,1427675542612,2015-03-30-8-32-22AM,1012.5249,6.0375957,200,205
150,1427675542812,2015-03-30-8-32-22AM,1012.4893,6.3335304,200,205
151,1427675543012,2015-03-30-8-32-23AM,1012.6338,5.131296,200,205
152,1427675543212,2015-03-30-8-32-23AM,1012.5934,5.4668646,200,205
153,1427675543412,2015-03-30-8-32-23AM,1012.5331,5.971539,200,205
154,1427675543612,2015-03-30-8-32-23AM,1012.61926,5.2528405,200,205
155,1427675543812,2015-03-30-8-32-23AM,1012.49164,6.315035,200,205
156,1427675544012,2015-03-30-8-32-24AM,1012.57025,5.659751,200,205
157,1427675544212,2015-03-30-8-32-24AM,1012.5104,6.1591406,200,205
158,1427675544412,2015-03-30-8-32-24AM,1012.6411,5.0705237,200,205
159,1427675544612,2015-03-30-8-32-24AM,1012.57574,5.614832,200,205
160,1427675544812,2015-03-30-8-32-24AM,1012.57605,5.61219,200,205
161,1427675545012,2015-03-30-8-32-25AM,1012.55225,5.8103604,200,205
162,1427675545212,2015-03-30-8-32-25AM,1012.57056,5.6571083,200,205
163,1427675545412,2015-03-30-8-32-25AM,1012.65375,4.964833,200,205
164,1427675545612,2015-03-30-8-32-25AM,1012.52167,6.066661,200,205
165,1427675545812,2015-03-30-8-32-25AM,1012.54474,5.873775,200,205
166,1427675546012,2015-03-30-8-32-26AM,1012.4386,6.7562943,200,205
167,1427675546212,2015-03-30-8-32-26AM,1012.57916,5.585767,200,205
168,1427675546412,2015-03-30-8-32-26AM,1012.4638,6.547555,200,205
169,1427675546612,2015-03-30-8-32-26AM,1012.45294,6.637392,200,205
170,1427675546812,2015-03-30-8-32-26AM,1012.5191,6.087799,200,205
171,1427675547012,2015-03-30-8-32-27AM,1012.5916,5.4827185,200,205
172,1427675547212,2015-03-30-8-32-27AM,1012.62134,5.2343445,200,205
173,1427675547412,2015-03-30-8-32-27AM,1012.5107,6.156498,200,205
174,1427675547612,2015-03-30-8-32-27AM,1012.55884,5.7548723,200,205
175,1427675547812,2015-03-30-8-32-27AM,1012.5613,5.736377,200,205
176,1427675548012,2015-03-30-8-32-28AM,1012.5321,5.979466,200,205
177,1427675548212,2015-03-30-8-32-28AM,1012.4965,6.2754006,200,205
178,1427675548412,2015-03-30-8-32-28AM,1012.5373,5.9345474,200,205
179,1427675548612,2015-03-30-8-32-28AM,1012.5188,6.090441,200,205
180,1427675548812,2015-03-30-8-32-28AM,1012.6001,5.411377,200,205
181,1427675549012,2015-03-30-8-32-29AM,1012.5619,5.731092,200,205
182,1427675549212,2015-03-30-8-32-29AM,1012.73694,4.272557,200,205
183,1427675549412,2015-03-30-8-32-29AM,1012.62305,5.221133,200,205
184,1427675549612,2015-03-30-8-32-29AM,1012.7712,3.9871912,200,205
185,1427675549812,2015-03-30-8-32-29AM,1012.9117,2.816664,200,205
186,1427675550012,2015-03-30-8-32-30AM,1012.947,2.5233717,200,205
187,1427675550212,2015-03-30-8-32-30AM,1012.9041,2.8800786,200,205
188,1427675550412,2015-03-30-8-32-30AM,1012.9617,2.4018269,200,205
189,1427675550612,2015-03-30-8-32-30AM,1013.0143,1.9632095,200,205
190,1427675550812,2015-03-30-8-32-30AM,1012.91077,2.8245907,200,205
191,1427675551012,2015-03-30-8-32-31AM,1012.91,2.8325176,200,205
192,1427675551212,2015-03-30-8-32-31AM,1012.96924,2.3384123,200,205
193,1427675551412,2015-03-30-8-32-31AM,1012.96924,2.3384123,200,205
194,1427675551612,2015-03-30-8-32-31AM,1012.9446,2.5418675,200,205
195,1427675551812,2015-03-30-8-32-31AM,1012.9808,2.2406483,200,205
196,1427675552012,2015-03-30-8-32-32AM,1013.00037,2.0794697,200,205
197,1427675552212,2015-03-30-8-32-32AM,1013.0531,1.6382098,200,205
198,1427675552412,2015-03-30-8-32-32AM,1013.0436,1.717478,200,205
199,1427675552612,2015-03-30-8-32-32AM,1012.9763,2.2802825,200,205
200,1427675552812,2015-03-30-8-32-32AM,1013.0161,1.9473559,200,205
201,1427675553012,2015-03-30-8-32-33AM,1012.88226,3.0623956,200,205
202,1427675553212,2015-03-30-8-32-33AM,1012.9121,2.8140216,200,205
203,1427675553412,2015-03-30-8-32-33AM,1013.05615,1.6144294,200,205
204,1427675553612,2015-03-30-8-32-33AM,1013.01794,1.9315022,200,205
205,1427675553812,2015-03-30-8-32-33AM,1012.9332,2.6369894,200,205
206,1427675554012,2015-03-30-8-32-34AM,1013.0854,1.3713402,200,205
207,1427675554212,2015-03-30-8-32-34AM,1013.05164,1.6514212,200,205
208,1427675554412,2015-03-30-8-32-34AM,1013.15924,0.75569034,200,205
209,1427675554612,2015-03-30-8-32-34AM,1013.02655,1.8601608,200,205
210,1427675554812,2015-03-30-8-32-34AM,1013.1219,1.0674787,200,205
211,1427675555012,2015-03-30-8-32-35AM,1013.06665,1.5272343,200,205
212,1427675555212,2015-03-30-8-32-35AM,1013.0557,1.6170716,200,205
213,1427675555412,2015-03-30-8-32-35AM,1013.01306,1.9737786,200,205
214,1427675555612,2015-03-30-8-32-35AM,1013.0708,1.4928848,200,205
215,1427675555812,2015-03-30-8-32-35AM,1013.0628,1.5589416,200,205
216,1427675556012,2015-03-30-8-32-36AM,1013.0646,1.543088,200,205
217,1427675556212,2015-03-30-8-32-36AM,1013.0271,1.8548763,200,205
218,1427675556412,2015-03-30-8-32-36AM,1013.14014,0.9142268,200,205
219,1427675556612,2015-03-30-8-32-36AM,1013.0656,1.5351611,200,205
220,1427675556812,2015-03-30-8-32-36AM,1013.17,0.665853,200,205
221,1427675557012,2015-03-30-8-32-37AM,1013.1868,0.5258125,200,205
222,1427675557212,2015-03-30-8-32-37AM,1013.2686,-0.15325189,200,205
223,1427675557412,2015-03-30-8-32-37AM,1013.32605,-0.63414574,200,205
224,1427675557612,2015-03-30-8-32-37AM,1013.27905,-0.2430892,200,205
225,1427675557812,2015-03-30-8-32-37AM,1013.25165,-0.015853643,200,205
226,1427675558012,2015-03-30-8-32-38AM,1013.2872,-0.31178832,200,205
227,1427675558212,2015-03-30-8-32-38AM,1013.3055,-0.45975566,200,205
228,1427675558412,2015-03-30-8-32-38AM,1013.28174,-0.2642274,200,205
229,1427675558612,2015-03-30-8-32-38AM,1013.23706,0.10833323,200,205
230,1427675558812,2015-03-30-8-32-38AM,1013.4846,-1.9552827,200,205
231,1427675559012,2015-03-30-8-32-39AM,1013.2444,0.04756093,200,205
232,1427675559212,2015-03-30-8-32-39AM,1013.3205,-0.5865848,200,205
233,1427675559412,2015-03-30-8-32-39AM,1013.2174,0.2721542,200,205
234,1427675559612,2015-03-30-8-32-39AM,1013.38794,-1.1467469,200,205
235,1427675559812,2015-03-30-8-32-39AM,1013.2897,-0.32764196,200,205
236,1427675560012,2015-03-30-8-32-40AM,1013.30756,-0.48089385,200,205
237,1427675560212,2015-03-30-8-32-40AM,1013.2907,-0.33821106,200,205
238,1427675560412,2015-03-30-8-32-40AM,1013.2244,0.21138191,200,205
239,1427675560612,2015-03-30-8-32-40AM,1013.2322,0.14796734,200,205
240,1427675560812,2015-03-30-8-32-40AM,1013.3864,-1.1361778,200,205
241,1427675561012,2015-03-30-8-32-41AM,1013.34875,-0.82438946,200,205
242,1427675561212,2015-03-30-8-32-41AM,1013.2275,0.18760145,200,205
243,1427675561412,2015-03-30-8-32-41AM,1013.3603,-0.9195113,200,205
244,1427675561612,2015-03-30-8-32-41AM,1013.2427,0.0607723,200,205
245,1427675561812,2015-03-30-8-32-41AM,1013.16656,0.69491804,200,205
246,1427675562012,2015-03-30-8-32-42AM,1013.179,0.59186935,200,205
247,1427675562212,2015-03-30-8-32-42AM,1013.2956,-0.38048744,200,205
248,1427675562412,2015-03-30-8-32-42AM,1013.2306,0.16117871,200,205
249,1427675562612,2015-03-30-8-32-42AM,1013.3262,-0.63414574,200,205
250,1427675562812,2015-03-30-8-32-42AM,1013.3752,-1.0410559,200,205
251,1427675563012,2015-03-30-8-32-43AM,1013.189,0.5073166,200,205
252,1427675563212,2015-03-30-8-32-43AM,1013.1909,0.49146295,200,205
253,1427675563412,2015-03-30-8-32-43AM,1013.23254,0.14532506,200,205
254,1427675563612,2015-03-30-8-32-43AM,1013.2464,0.029065013,200,205
255,1427675563812,2015-03-30-8-32-43AM,1013.29724,-0.39105654,200,205
256,1427675564012,2015-03-30-8-32-44AM,1013.2363,0.11361778,200,205
257,1427675564212,2015-03-30-8-32-44AM,1013.22723,0.19024372,200,205
258,1427675564412,2015-03-30-8-32-44AM,1013.2839,-0.28008103,200,205
259,1427675564612,2015-03-30-8-32-44AM,1013.2862,-0.30121922,200,205
260,1427675564812,2015-03-30-8-32-44AM,1013.24994,0.0,200,205
261,1427675565012,2015-03-30-8-32-45AM,1013.3169,-0.5548775,200,205
262,1427675565212,2015-03-30-8-32-45AM,1013.3665,-0.9723568,200,205
263,1427675565412,2015-03-30-8-32-45AM,1013.2462,0.031707287,200,205
264,1427675565612,2015-03-30-8-32-45AM,1013.4356,-1.543088,200,205
265,1427675565812,2015-03-30-8-32-45AM,1013.40967,-1.331706,200,205
266,1427675566012,2015-03-30-8-32-46AM,1013.40704,-1.3052833,200,205
267,1427675566212,2015-03-30-8-32-46AM,1013.3785,-1.0674787,200,205
268,1427675566412,2015-03-30-8-32-46AM,1013.3976,-1.2312996,200,205
269,1427675566612,2015-03-30-8-32-46AM,1013.48175,-1.92886,200,205
270,1427675566812,2015-03-30-8-32-46AM,1013.47455,-1.8707299,200,205
271,1427675567012,2015-03-30-8-32-47AM,1013.548,-2.478453,200,205
272,1427675567212,2015-03-30-8-32-47AM,1013.71265,-3.8524354,200,205
273,1427675567412,2015-03-30-8-32-47AM,1013.7326,-4.0162563,200,205
274,1427675567612,2015-03-30-8-32-47AM,1013.67236,-3.5142243,200,205
275,1427675567812,2015-03-30-8-32-47AM,1013.7729,-4.3544674,200,205
276,1427675568012,2015-03-30-8-32-48AM,1013.73566,-4.042679,200,205
277,1427675568212,2015-03-30-8-32-48AM,1013.735,-4.0373945,200,205
278,1427675568412,2015-03-30-8-32-48AM,1013.7964,-4.5499954,200,205
279,1427675568612,2015-03-30-8-32-48AM,1013.8625,-5.0995884,200,205
280,1427675568812,2015-03-30-8-32-48AM,1013.6149,-3.038615,200,205
281,1427675569012,2015-03-30-8-32-49AM,1013.4168,-1.3898361,200,205
282,1427675569212,2015-03-30-8-32-49AM,1013.34454,-0.7873976,200,205
283,1427675569412,2015-03-30-8-32-49AM,1013.06256,1.5615839,200,205
284,1427675569612,2015-03-30-8-32-49AM,1013.0242,1.881299,200,205
285,1427675569812,2015-03-30-8-32-49AM,1012.8441,3.3794684,200,205
286,1427675570012,2015-03-30-8-32-50AM,1012.73474,4.291053,200,205
287,1427675570212,2015-03-30-8-32-50AM,1012.67267,4.8062963,200,205
288,1427675570412,2015-03-30-8-32-50AM,1012.55084,5.8235717,200,205
289,1427675570612,2015-03-30-8-32-50AM,1012.5145,6.124791,200,205
290,1427675570812,2015-03-30-8-32-50AM,1012.466,6.529059,200,205
291,1427675571012,2015-03-30-8-32-51AM,1012.332,7.646741,200,205
292,1427675571212,2015-03-30-8-32-51AM,1012.3322,7.6440983,200,205
293,1427675571412,2015-03-30-8-32-51AM,1012.33234,7.6440983,200,205
294,1427675571612,2015-03-30-8-32-51AM,1012.34705,7.519912,200,205
295,1427675571812,2015-03-30-8-32-51AM,1012.3751,7.2873917,200,205
296,1427675572012,2015-03-30-8-32-52AM,1012.39246,7.1420665,200,205
297,1427675572212,2015-03-30-8-32-52AM,1012.3604,7.408936,200,205
298,1427675572412,2015-03-30-8-32-52AM,1012.2489,8.339016,200,205
299,1427675572612,2015-03-30-8-32-52AM,1012.3978,7.097148,200,205
300,1427675572812,2015-03-30-8-32-52AM,1012.5346,5.958328,200,205
301,1427675573012,2015-03-30-8-32-53AM,1012.5943,5.4615803,200,205
302,1427675573212,2015-03-30-8-32-53AM,1012.69904,4.5869875,200,205
303,1427675573412,2015-03-30-8-32-53AM,1012.624,5.2132063,200,205
304,1427675573612,2015-03-30-8-32-53AM,1012.63934,5.086377,200,205
305,1427675573812,2015-03-30-8-32-53AM,1012.40137,7.068083,200,205
306,1427675574016,2015-03-30-8-32-54AM,1012.4302,6.827636,204,205
307,1427675574412,2015-03-30-8-32-54AM,1012.38336,7.2186923,396,205
308,1427675574612,2015-03-30-8-32-54AM,1012.2784,8.093285,200,205
309,1427675574812,2015-03-30-8-32-54AM,1012.18365,8.880683,200,205
310,1427675575012,2015-03-30-8-32-55AM,1012.1673,9.018081,200,205
311,1427675575212,2015-03-30-8-32-55AM,1012.1368,9.271739,200,205
312,1427675575412,2015-03-30-8-32-55AM,1012.1461,9.195113,200,205
313,1427675575612,2015-03-30-8-32-55AM,1012.1127,9.472552,200,205
314,1427675575812,2015-03-30-8-32-55AM,1012.071,9.821332,200,205
315,1427675576012,2015-03-30-8-32-56AM,1012.0453,10.0353565,200,205
316,1427675576212,2015-03-30-8-32-56AM,1011.96875,10.672144,200,205
317,1427675576412,2015-03-30-8-32-56AM,1012.0335,10.133121,200,205
318,1427675576612,2015-03-30-8-32-56AM,1011.95337,10.801616,200,205
319,1427675576812,2015-03-30-8-32-56AM,1012.12604,9.361576,200,205
320,1427675577012,2015-03-30-8-32-57AM,1012.0551,9.953445,200,205
321,1427675577212,2015-03-30-8-32-57AM,1011.9496,10.833323,200,205
322,1427675577412,2015-03-30-8-32-57AM,1012.01196,10.312795,200,205
323,1427675577612,2015-03-30-8-32-57AM,1012.0937,9.631088,200,205
324,1427675577812,2015-03-30-8-32-57AM,1011.9009,11.237591,200,205
325,1427675578012,2015-03-30-8-32-58AM,1012.0248,10.204462,200,205
326,1427675578212,2015-03-30-8-32-58AM,1011.93195,10.978648,200,205
327,1427675578412,2015-03-30-8-32-58AM,1011.7703,12.326208,200,205
328,1427675578612,2015-03-30-8-32-58AM,1011.7282,12.67763,200,205
329,1427675578812,2015-03-30-8-32-58AM,1011.6202,13.578646,200,205
330,1427675579012,2015-03-30-8-32-59AM,1011.5942,13.795312,200,205
331,1427675579212,2015-03-30-8-32-59AM,1011.7525,12.474175,200,205
332,1427675579412,2015-03-30-8-32-59AM,1011.43713,15.103237,200,205
333,1427675579612,2015-03-30-8-32-59AM,1011.5296,14.331694,200,205
334,1427675579812,2015-03-30-8-32-59AM,1011.4646,14.876002,200,205
335,1427675580012,2015-03-30-8-33-00AM,1011.3255,16.035961,200,205
336,1427675580212,2015-03-30-8-33-00AM,1011.35016,15.829863,200,205
337,1427675580412,2015-03-30-8-33-00AM,1011.3447,15.874782,200,205
338,1427675580612,2015-03-30-8-33-00AM,1011.23865,16.759943,200,205
339,1427675580812,2015-03-30-8-33-00AM,1011.35,15.829863,200,205
340,1427675581012,2015-03-30-8-33-01AM,1011.41986,15.248563,200,205
341,1427675581212,2015-03-30-8-33-01AM,1011.3664,15.692465,200,205
342,1427675581412,2015-03-30-8-33-01AM,1011.2787,16.424374,200,205
343,1427675581612,2015-03-30-8-33-01AM,1011.0704,18.16299,200,205
344,1427675581812,2015-03-30-8-33-01AM,1011.22845,16.844496,200,205
345,1427675582012,2015-03-30-8-33-02AM,1011.2467,16.691244,200,205
346,1427675582212,2015-03-30-8-33-02AM,1011.223,16.889416,200,205
347,1427675582412,2015-03-30-8-33-02AM,1011.38135,15.568277,200,205
348,1427675582612,2015-03-30-8-33-02AM,1011.41284,15.306693,200,205
349,1427675582812,2015-03-30-8-33-02AM,1011.4361,15.111164,200,205
350,1427675583012,2015-03-30-8-33-03AM,1011.4165,15.274985,200,205
351,1427675583212,2015-03-30-8-33-03AM,1011.37616,15.613196,200,205
352,1427675583412,2015-03-30-8-33-03AM,1011.49286,14.638197,200,205
353,1427675583612,2015-03-30-8-33-03AM,1011.3649,15.705676,200,205
354,1427675583812,2015-03-30-8-33-03AM,1011.41724,15.269701,200,205
355,1427675584012,2015-03-30-8-33-04AM,1011.36066,15.7400255,200,205
356,1427675584212,2015-03-30-8-33-04AM,1011.4368,15.10588,200,205
357,1427675584412,2015-03-30-8-33-04AM,1011.48315,14.720108,200,205
358,1427675584612,2015-03-30-8-33-04AM,1011.40027,15.412384,200,205
359,1427675584812,2015-03-30-8-33-04AM,1011.3804,15.576204,200,205
360,1427675585012,2015-03-30-8-33-05AM,1011.3972,15.436164,200,205
361,1427675585212,2015-03-30-8-33-05AM,1011.338,15.930269,200,205
362,1427675585412,2015-03-30-8-33-05AM,1011.35645,15.777018,200,205
363,1427675585612,2015-03-30-8-33-05AM,1011.18677,17.190634,200,205
364,1427675585812,2015-03-30-8-33-05AM,1011.2511,16.654253,200,205
365,1427675586012,2015-03-30-8-33-06AM,1011.12445,17.711163,200,205
366,1427675586212,2015-03-30-8-33-06AM,1011.25745,16.601406,200,205
367,1427675586412,2015-03-30-8-33-06AM,1011.2041,17.04795,200,205
368,1427675586612,2015-03-30-8-33-06AM,1011.2469,16.691244,200,205
369,1427675586812,2015-03-30-8-33-06AM,1011.107,17.856487,200,205
370,1427675587012,2015-03-30-8-33-07AM,1011.2167,16.94226,200,205
371,1427675587212,2015-03-30-8-33-07AM,1011.19617,17.114008,200,205
372,1427675587412,2015-03-30-8-33-07AM,1011.2642,16.54592,200,205
373,1427675587612,2015-03-30-8-33-07AM,1011.22833,16.844496,200,205
374,1427675587812,2015-03-30-8-33-07AM,1011.2929,16.305471,200,205
375,1427675588012,2015-03-30-8-33-08AM,1011.3683,15.676611,200,205
376,1427675588212,2015-03-30-8-33-08AM,1011.4202,15.24592,200,205
377,1427675588412,2015-03-30-8-33-08AM,1011.4382,15.095311,200,205
378,1427675588612,2015-03-30-8-33-08AM,1011.4985,14.593279,200,205
379,1427675588812,2015-03-30-8-33-08AM,1011.4782,14.762384,200,205
380,1427675589012,2015-03-30-8-33-09AM,1011.60095,13.737182,200,205
381,1427675589212,2015-03-30-8-33-09AM,1011.4794,14.751815,200,205
382,1427675589412,2015-03-30-8-33-09AM,1011.3741,15.62905,200,205
383,1427675589612,2015-03-30-8-33-09AM,1011.5083,14.511368,200,205
384,1427675589812,2015-03-30-8-33-09AM,1011.48114,14.735962,200,205
385,1427675590012,2015-03-30-8-33-10AM,1011.40674,15.356895,200,205
386,1427675590212,2015-03-30-8-33-10AM,1011.3977,15.433522,200,205
387,1427675590412,2015-03-30-8-33-10AM,1011.3261,16.030676,200,205
388,1427675590612,2015-03-30-8-33-10AM,1011.378,15.5973425,200,205
389,1427675590812,2015-03-30-8-33-10AM,1011.3085,16.176,200,205
390,1427675591012,2015-03-30-8-33-11AM,1011.24005,16.746733,200,205
391,1427675591212,2015-03-30-8-33-11AM,1011.1928,17.14043,200,205
392,1427675591412,2015-03-30-8-33-11AM,1011.33496,15.956692,200,205
393,1427675591612,2015-03-30-8-33-11AM,1011.461,14.905067,200,205
394,1427675591812,2015-03-30-8-33-11AM,1011.4276,15.182506,200,205
395,1427675592012,2015-03-30-8-33-12AM,1011.401,15.404457,200,205
396,1427675592212,2015-03-30-8-33-12AM,1011.3853,15.536571,200,205
397,1427675592412,2015-03-30-8-33-12AM,1011.4292,15.169294,200,205
398,1427675592612,2015-03-30-8-33-12AM,1011.5537,14.13088,200,205
399,1427675592812,2015-03-30-8-33-12AM,1011.4801,14.746531,200,205
400,1427675593012,2015-03-30-8-33-13AM,1011.47577,14.78088,200,205
401,1427675593212,2015-03-30-8-33-13AM,1011.59656,13.774174,200,205
402,1427675593412,2015-03-30-8-33-13AM,1011.5673,14.017263,200,205
403,1427675593612,2015-03-30-8-33-13AM,1011.6089,13.671125,200,205
404,1427675593812,2015-03-30-8-33-13AM,1011.4683,14.844295,200,205
405,1427675594012,2015-03-30-8-33-14AM,1011.3611,15.737383,200,205
406,1427675594212,2015-03-30-8-33-14AM,1011.513,14.471734,200,205
407,1427675594412,2015-03-30-8-33-14AM,1011.33014,15.996326,200,205
408,1427675594612,2015-03-30-8-33-14AM,1011.3045,16.21035,200,205
409,1427675594812,2015-03-30-8-33-14AM,1011.36914,15.671327,200,205
410,1427675595012,2015-03-30-8-33-15AM,1011.4336,15.132302,200,205
411,1427675595212,2015-03-30-8-33-15AM,1011.4503,14.9949045,200,205
412,1427675595412,2015-03-30-8-33-15AM,1011.2759,16.448154,200,205
413,1427675595612,2015-03-30-8-33-15AM,1011.33746,15.935554,200,205
414,1427675595812,2015-03-30-8-33-15AM,1011.3209,16.072952,200,205
415,1427675596012,2015-03-30-8-33-16AM,1011.44727,15.018684,200,205
416,1427675596212,2015-03-30-8-33-16AM,1011.44214,15.060961,200,205
417,1427675596412,2015-03-30-8-33-16AM,1011.4664,14.860148,200,205
418,1427675596612,2015-03-30-8-33-16AM,1011.4977,14.598563,200,205
419,1427675596813,2015-03-30-8-33-16AM,1011.44684,15.02397,201,205
420,1427675597013,2015-03-30-8-33-17AM,1011.55237,14.144093,200,205
421,1427675597413,2015-03-30-8-33-17AM,1011.6569,13.272141,400,205
422,1427675597613,2015-03-30-8-33-17AM,1011.4648,14.87336,200,205
423,1427675598013,2015-03-30-8-33-18AM,1011.42,15.24592,400,205
424,1427675598213,2015-03-30-8-33-18AM,1011.54034,14.244498,200,205
425,1427675598413,2015-03-30-8-33-18AM,1011.66125,13.23515,200,205
426,1427675598613,2015-03-30-8-33-18AM,1011.62476,13.539011,200,205
427,1427675598813,2015-03-30-8-33-18AM,1011.5007,14.574783,200,205
428,1427675599013,2015-03-30-8-33-19AM,1011.4876,14.683116,200,205
429,1427675599413,2015-03-30-8-33-19AM,1011.3823,15.560351,400,205
430,1427675599813,2015-03-30-8-33-19AM,1011.48224,14.728035,400,205
431,1427675600212,2015-03-30-8-33-20AM,1011.4234,15.219498,399,205
432,1427675600412,2015-03-30-8-33-20AM,1011.51013,14.495515,200,205
433,1427675600612,2015-03-30-8-33-20AM,1011.36127,15.737383,200,205
434,1427675600813,2015-03-30-8-33-20AM,1011.57056,13.99084,201,205
435,1427675601013,2015-03-30-8-33-21AM,1011.55554,14.117669,200,205
436,1427675601414,2015-03-30-8-33-21AM,1011.425,15.206286,401,205
437,1427675601813,2015-03-30-8-33-21AM,1011.50024,14.577425,399,205
438,1427675602213,2015-03-30-8-33-22AM,1011.55756,14.099174,400,205
439,1427675602413,2015-03-30-8-33-22AM,1011.5582,14.093889,200,205
440,1427675602813,2015-03-30-8-33-22AM,1011.55334,14.136166,400,205
441,1427675603013,2015-03-30-8-33-23AM,1011.62305,13.554865,200,205
442,1427675603213,2015-03-30-8-33-23AM,1011.6752,13.11889,200,205
443,1427675603612,2015-03-30-8-33-23AM,1011.588,13.845515,399,205
444,1427675603812,2015-03-30-8-33-23AM,1011.59,13.829661,200,205
445,1427675604013,2015-03-30-8-33-24AM,1011.56384,14.046328,201,205
446,1427675604413,2015-03-30-8-33-24AM,1011.4803,14.743889,400,205
447,1427675604613,2015-03-30-8-33-24AM,1011.53156,14.31584,200,205
448,1427675605013,2015-03-30-8-33-25AM,1011.5735,13.96706,400,205
449,1427675605213,2015-03-30-8-33-25AM,1011.5453,14.202222,200,205
450,1427675605413,2015-03-30-8-33-25AM,1011.5242,14.379254,200,205
451,1427675605813,2015-03-30-8-33-25AM,1011.57086,13.988198,400,205
452,1427675606013,2015-03-30-8-33-26AM,1011.43994,15.079457,200,205
453,1427675606413,2015-03-30-8-33-26AM,1011.44556,15.034538,400,205
454,1427675606613,2015-03-30-8-33-26AM,1011.4302,15.161367,200,205
455,1427675606813,2015-03-30-8-33-26AM,1011.66174,13.232508,200,205
456,1427675607013,2015-03-30-8-33-27AM,1011.552,14.146734,200,205
457,1427675607413,2015-03-30-8-33-27AM,1011.5232,14.387181,400,205
458,1427675607613,2015-03-30-8-33-27AM,1011.5335,14.299986,200,205
459,1427675608012,2015-03-30-8-33-28AM,1011.5813,13.901003,399,205
460,1427675608212,2015-03-30-8-33-28AM,1011.64014,13.412182,200,205
461,1427675608412,2015-03-30-8-33-28AM,1011.5041,14.545718,200,205
462,1427675608612,2015-03-30-8-33-28AM,1011.4767,14.772953,200,205
463,1427675608812,2015-03-30-8-33-28AM,1011.61945,13.58393,200,205
464,1427675609012,2015-03-30-8-33-29AM,1011.6057,13.697548,200,205
465,1427675609212,2015-03-30-8-33-29AM,1011.48694,14.6884,200,205
466,1427675609412,2015-03-30-8-33-29AM,1011.59607,13.779458,200,205
467,1427675609613,2015-03-30-8-33-29AM,1011.6548,13.287995,201,205
468,1427675610013,2015-03-30-8-33-30AM,1011.57776,13.932711,400,205
469,1427675610213,2015-03-30-8-33-30AM,1011.7657,12.365842,200,205
470,1427675610413,2015-03-30-8-33-30AM,1011.65625,13.277427,200,205
471,1427675610613,2015-03-30-8-33-30AM,1011.5669,14.022548,200,205
472,1427675610813,2015-03-30-8-33-30AM,1011.5788,13.922141,200,205
473,1427675611213,2015-03-30-8-33-31AM,1011.556,14.112385,400,205
474,1427675611613,2015-03-30-8-33-31AM,1011.5437,14.215433,400,205
475,1427675612013,2015-03-30-8-33-32AM,1011.5936,13.797955,400,205
476,1427675612412,2015-03-30-8-33-32AM,1011.6053,13.702832,399,205
477,1427675612612,2015-03-30-8-33-32AM,1011.7503,12.492671,200,205
478,1427675612812,2015-03-30-8-33-32AM,1011.6799,13.079256,200,205
479,1427675613012,2015-03-30-8-33-33AM,1011.5446,14.207507,200,205
480,1427675613213,2015-03-30-8-33-33AM,1011.5602,14.078035,201,205
481,1427675613413,2015-03-30-8-33-33AM,1011.61304,13.636776,200,205
482,1427675613812,2015-03-30-8-33-33AM,1011.60736,13.684337,399,205
483,1427675614013,2015-03-30-8-33-34AM,1011.62537,13.533727,201,205
484,1427675614412,2015-03-30-8-33-34AM,1011.6987,12.923362,399,205
485,1427675614613,2015-03-30-8-33-34AM,1011.73,12.661777,201,205
486,1427675615013,2015-03-30-8-33-35AM,1011.62787,13.5125885,400,205
487,1427675615412,2015-03-30-8-33-35AM,1011.7835,12.215232,399,205
488,1427675615612,2015-03-30-8-33-35AM,1011.61725,13.602427,200,205
489,1427675615812,2015-03-30-8-33-35AM,1011.6068,13.689621,200,205
490,1427675616012,2015-03-30-8-33-36AM,1011.5928,13.8058815,200,205
491,1427675616212,2015-03-30-8-33-36AM,1011.67,13.163809,200,205
492,1427675616412,2015-03-30-8-33-36AM,1011.623,13.554865,200,205
493,1427675616612,2015-03-30-8-33-36AM,1011.59247,13.808523,200,205
494,1427675616812,2015-03-30-8-33-36AM,1011.66614,13.195516,200,205
495,1427675617012,2015-03-30-8-33-37AM,1011.8148,11.956289,200,205
496,1427675617212,2015-03-30-8-33-37AM,1011.68134,13.0686865,200,205
497,1427675617412,2015-03-30-8-33-37AM,1011.698,12.928646,200,205
498,1427675617612,2015-03-30-8-33-37AM,1011.6752,13.11889,200,205
499,1427675617812,2015-03-30-8-33-37AM,1011.6483,13.343483,200,205
500,1427675618012,2015-03-30-8-33-38AM,1011.6016,13.731897,200,205
501,1427675618212,2015-03-30-8-33-38AM,1011.59796,13.763605,200,205
502,1427675618413,2015-03-30-8-33-38AM,1011.70154,12.899581,201,205
503,1427675618613,2015-03-30-8-33-38AM,1011.66583,13.198158,200,205
504,1427675619013,2015-03-30-8-33-39AM,1011.651,13.319703,400,205
505,1427675619213,2015-03-30-8-33-39AM,1011.7909,12.15446,200,205
506,1427675619613,2015-03-30-8-33-39AM,1011.6949,12.955069,400,205
507,1427675619813,2015-03-30-8-33-39AM,1011.6128,13.639418,200,205
508,1427675620013,2015-03-30-8-33-40AM,1011.6892,13.00263,200,205
509,1427675620213,2015-03-30-8-33-40AM,1011.69006,12.994703,200,205
510,1427675620413,2015-03-30-8-33-40AM,1011.692,12.978849,200,205
511,1427675620613,2015-03-30-8-33-40AM,1011.7395,12.582508,200,205
512,1427675620813,2015-03-30-8-33-40AM,1011.6987,12.923362,200,205
513,1427675621013,2015-03-30-8-33-41AM,1011.70984,12.830882,200,205
514,1427675621412,2015-03-30-8-33-41AM,1011.77625,12.276005,399,205
515,1427675621612,2015-03-30-8-33-41AM,1011.61444,13.626206,200,205
516,1427675621813,2015-03-30-8-33-41AM,1011.6608,13.237792,201,205
517,1427675622013,2015-03-30-8-33-42AM,1011.8764,11.441046,200,205
518,1427675622213,2015-03-30-8-33-42AM,1011.84467,11.705274,200,205
519,1427675622413,2015-03-30-8-33-42AM,1011.7338,12.63007,200,205
520,1427675622813,2015-03-30-8-33-42AM,1011.6823,13.06076,400,205
521,1427675623013,2015-03-30-8-33-43AM,1011.67694,13.105679,200,205
522,1427675623213,2015-03-30-8-33-43AM,1011.64233,13.393686,200,205
523,1427675623413,2015-03-30-8-33-43AM,1011.5607,14.072751,200,205
524,1427675623613,2015-03-30-8-33-43AM,1011.77563,12.281289,200,205
525,1427675623813,2015-03-30-8-33-43AM,1011.67926,13.08454,200,205
526,1427675624013,2015-03-30-8-33-44AM,1011.6916,12.981492,200,205
527,1427675624413,2015-03-30-8-33-44AM,1011.7651,12.371126,400,205
528,1427675624613,2015-03-30-8-33-44AM,1011.77295,12.30507,200,205
529,1427675624813,2015-03-30-8-33-44AM,1011.82855,11.84003,200,205
530,1427675625013,2015-03-30-8-33-45AM,1011.8568,11.604867,200,205
531,1427675625213,2015-03-30-8-33-45AM,1011.9066,11.19003,200,205
532,1427675625413,2015-03-30-8-33-45AM,1011.90283,11.221737,200,205
533,1427675625613,2015-03-30-8-33-45AM,1011.90955,11.166249,200,205
534,1427675625814,2015-03-30-8-33-45AM,1011.8396,11.74755,201,205
535,1427675626213,2015-03-30-8-33-46AM,1011.8203,11.908729,399,205
536,1427675626613,2015-03-30-8-33-46AM,1011.8158,11.948362,400,205
537,1427675627013,2015-03-30-8-33-47AM,1011.8858,11.36442,400,205
538,1427675627413,2015-03-30-8-33-47AM,1011.931,10.986575,400,205
539,1427675627613,2015-03-30-8-33-47AM,1011.7504,12.492671,200,205
540,1427675627814,2015-03-30-8-33-47AM,1011.92285,11.055274,201,205
541,1427675628212,2015-03-30-8-33-48AM,1011.797,12.104257,398,205
542,1427675628413,2015-03-30-8-33-48AM,1011.8557,11.615437,201,205
543,1427675628613,2015-03-30-8-33-48AM,1011.8784,11.425192,200,205
544,1427675628813,2015-03-30-8-33-48AM,1011.80804,12.011777,200,205
545,1427675629013,2015-03-30-8-33-49AM,1011.79114,12.151817,200,205
546,1427675629213,2015-03-30-8-33-49AM,1011.9097,11.163608,200,205
547,1427675629613,2015-03-30-8-33-49AM,1011.8151,11.953648,400,205
548,1427675630013,2015-03-30-8-33-50AM,1011.90344,11.216453,400,205
549,1427675630213,2015-03-30-8-33-50AM,1011.86395,11.546737,200,205
550,1427675630413,2015-03-30-8-33-50AM,1011.736,12.611573,200,205
551,1427675630613,2015-03-30-8-33-50AM,1011.73254,12.640638,200,205
552,1427675631013,2015-03-30-8-33-51AM,1011.8738,11.464827,400,205
553,1427675631213,2015-03-30-8-33-51AM,1011.98895,10.503038,200,205
554,1427675631413,2015-03-30-8-33-51AM,1012.04083,10.072348,200,205
555,1427675631613,2015-03-30-8-33-51AM,1012.0809,9.736779,200,205
556,1427675632013,2015-03-30-8-33-52AM,1012.0135,10.299583,400,205
557,1427675632213,2015-03-30-8-33-52AM,1012.01654,10.273161,200,205
558,1427675632413,2015-03-30-8-33-52AM,1011.98975,10.497754,200,205
559,1427675632613,2015-03-30-8-33-52AM,1012.0751,9.786983,200,205
560,1427675633013,2015-03-30-8-33-53AM,1011.9869,10.521535,400,205
561,1427675633213,2015-03-30-8-33-53AM,1012.02747,10.183324,200,205
562,1427675633413,2015-03-30-8-33-53AM,1011.98816,10.510965,200,205
563,1427675633813,2015-03-30-8-33-53AM,1012.0124,10.30751,400,205
564,1427675634013,2015-03-30-8-33-54AM,1012.00085,10.405274,200,205
565,1427675634413,2015-03-30-8-33-54AM,1011.87695,11.438404,400,205
566,1427675634813,2015-03-30-8-33-54AM,1011.79974,12.080477,400,205
567,1427675635013,2015-03-30-8-33-55AM,1011.8335,11.800395,200,205
568,1427675635213,2015-03-30-8-33-55AM,1012.0315,10.148974,200,205
569,1427675635413,2015-03-30-8-33-55AM,1012.10004,9.578243,200,205
570,1427675635613,2015-03-30-8-33-55AM,1011.9282,11.010355,200,205
571,1427675635813,2015-03-30-8-33-55AM,1011.9289,11.005071,200,205
572,1427675636013,2015-03-30-8-33-56AM,1012.0037,10.3814945,200,205
573,1427675636213,2015-03-30-8-33-56AM,1011.9704,10.658933,200,205
574,1427675636413,2015-03-30-8-33-56AM,1012.0008,10.405274,200,205
575,1427675636613,2015-03-30-8-33-56AM,1012.04486,10.037998,200,205
576,1427675636813,2015-03-30-8-33-56AM,1011.98773,10.513608,200,205
577,1427675637013,2015-03-30-8-33-57AM,1011.9955,10.450193,200,205
578,1427675637227,2015-03-30-8-33-57AM,1011.945,10.870315,214,205
579,1427675637613,2015-03-30-8-33-57AM,1012.07196,9.813405,386,205
580,1427675637813,2015-03-30-8-33-57AM,1011.94684,10.854462,200,205
581,1427675638013,2015-03-30-8-33-58AM,1012.1024,9.557105,200,205
582,1427675638213,2015-03-30-8-33-58AM,1011.9161,11.110762,200,205
583,1427675638413,2015-03-30-8-33-58AM,1011.9845,10.5400305,200,205
584,1427675638613,2015-03-30-8-33-58AM,1012.08484,9.705072,200,205
585,1427675638813,2015-03-30-8-33-58AM,1011.9048,11.205884,200,205
586,1427675639013,2015-03-30-8-33-59AM,1011.6236,13.549581,200,205
587,1427675639213,2015-03-30-8-33-59AM,1011.5968,13.771532,200,205
588,1427675639413,2015-03-30-8-33-59AM,1011.5674,14.017263,200,205
589,1427675639813,2015-03-30-8-33-59AM,1011.4994,14.585352,400,205
590,1427675640013,2015-03-30-8-34-00AM,1011.6412,13.404256,200,205
591,1427675640213,2015-03-30-8-34-00AM,1011.5623,14.05954,200,205
592,1427675640413,2015-03-30-8-34-00AM,1011.66833,13.17702,200,205
593,1427675640613,2015-03-30-8-34-00AM,1011.62317,13.552223,200,205
594,1427675640813,2015-03-30-8-34-00AM,1011.5076,14.516653,200,205
595,1427675641013,2015-03-30-8-34-01AM,1011.6184,13.591857,200,205
596,1427675641213,2015-03-30-8-34-01AM,1011.5052,14.535149,200,205
597,1427675641413,2015-03-30-8-34-01AM,1011.6331,13.470312,200,205
598,1427675641613,2015-03-30-8-34-01AM,1011.6673,13.184947,200,205
599,1427675641813,2015-03-30-8-34-01AM,1011.6264,13.5258,200,205
600,1427675642013,2015-03-30-8-34-02AM,1011.49,14.661978,200,205
601,1427675642213,2015-03-30-8-34-02AM,1011.54456,14.207507,200,205
602,1427675642413,2015-03-30-8-34-02AM,1011.5314,14.318482,200,205
603,1427675642613,2015-03-30-8-34-02AM,1011.5323,14.310555,200,205
604,1427675642815,2015-03-30-8-34-02AM,1011.5354,14.284133,202,205
605,1427675643213,2015-03-30-8-34-03AM,1011.5382,14.260352,398,205
606,1427675643413,2015-03-30-8-34-03AM,1011.52576,14.366043,200,205
607,1427675643613,2015-03-30-8-34-03AM,1011.57947,13.916857,200,205
608,1427675643813,2015-03-30-8-34-03AM,1011.6163,13.6103525,200,205
609,1427675644213,2015-03-30-8-34-04AM,1011.5177,14.4321,400,205
610,1427675644413,2015-03-30-8-34-04AM,1011.43964,15.0821,200,205
611,1427675644813,2015-03-30-8-34-04AM,1011.56616,14.027832,400,205
612,1427675645013,2015-03-30-8-34-05AM,1011.5186,14.424173,200,205
613,1427675645213,2015-03-30-8-34-05AM,1011.6202,13.578646,200,205
614,1427675645413,2015-03-30-8-34-05AM,1011.63226,13.478239,200,205
615,1427675645613,2015-03-30-8-34-05AM,1011.66296,13.221939,200,205
616,1427675645813,2015-03-30-8-34-05AM,1011.6156,13.615638,200,205
617,1427675646013,2015-03-30-8-34-06AM,1011.57166,13.982914,200,205
618,1427675646213,2015-03-30-8-34-06AM,1011.5909,13.821734,200,205
619,1427675646413,2015-03-30-8-34-06AM,1011.44684,15.02397,200,205
620,1427675646813,2015-03-30-8-34-06AM,1011.5518,14.146734,400,205
621,1427675647013,2015-03-30-8-34-07AM,1011.5921,13.811166,200,205
622,1427675647213,2015-03-30-8-34-07AM,1011.68646,13.02641,200,205
623,1427675647413,2015-03-30-8-34-07AM,1011.6912,12.986776,200,205
624,1427675647822,2015-03-30-8-34-07AM,1011.5104,14.492872,409,205
625,1427675648216,2015-03-30-8-34-08AM,1011.60693,13.689621,394,205
626,1427675648418,2015-03-30-8-34-08AM,1011.6494,13.332914,202,205
627,1427675648620,2015-03-30-8-34-08AM,1011.6458,13.364621,202,205
628,1427675648840,2015-03-30-8-34-08AM,1011.62225,13.56015,220,205
629,1427675649218,2015-03-30-8-34-09AM,1011.6545,13.290638,378,205
630,1427675649613,2015-03-30-8-34-09AM,1011.54755,14.183726,395,205
631,1427675649818,2015-03-30-8-34-09AM,1011.5048,14.540433,205,205
632,1427675650219,2015-03-30-8-34-10AM,1011.6878,13.013199,401,205
633,1427675650614,2015-03-30-8-34-10AM,1011.65643,13.274784,395,205
634,1427675650817,2015-03-30-8-34-10AM,1011.589,13.837588,203,205
635,1427675651018,2015-03-30-8-34-11AM,1011.6645,13.208727,201,205
636,1427675651415,2015-03-30-8-34-11AM,1011.5889,13.837588,397,205
637,1427675651617,2015-03-30-8-34-11AM,1011.5016,14.566856,202,205
638,1427675652018,2015-03-30-8-34-12AM,1011.5767,13.940638,401,205
639,1427675652418,2015-03-30-8-34-12AM,1011.53107,14.321125,400,205
640,1427675652820,2015-03-30-8-34-12AM,1011.5848,13.871938,402,205
641,1427675653218,2015-03-30-8-34-13AM,1011.6416,13.398971,398,205
642,1427675653426,2015-03-30-8-34-13AM,1011.5378,14.265636,208,205
643,1427675653821,2015-03-30-8-34-13AM,1011.587,13.853442,395,205
644,1427675654220,2015-03-30-8-34-14AM,1011.60474,13.705475,399,205
645,1427675654619,2015-03-30-8-34-14AM,1011.58527,13.869296,399,205
646,1427675654822,2015-03-30-8-34-14AM,1011.6573,13.2695,203,205
647,1427675655220,2015-03-30-8-34-15AM,1011.46124,14.902425,398,205
648,1427675655423,2015-03-30-8-34-15AM,1011.5045,14.543076,203,205
649,1427675655623,2015-03-30-8-34-15AM,1011.4897,14.66462,200,205
650,1427675656017,2015-03-30-8-34-16AM,1011.4104,15.327831,394,205
651,1427675656220,2015-03-30-8-34-16AM,1011.5213,14.403035,203,205
652,1427675656422,2015-03-30-8-34-16AM,1011.5489,14.173157,202,205
653,1427675656820,2015-03-30-8-34-16AM,1011.4911,14.654051,398,205
654,1427675657020,2015-03-30-8-34-17AM,1011.51385,14.463807,200,205
655,1427675657220,2015-03-30-8-34-17AM,1011.66785,13.179663,200,205
656,1427675657420,2015-03-30-8-34-17AM,1011.633,13.470312,200,205
657,1427675657814,2015-03-30-8-34-17AM,1011.70703,12.854663,394,205
658,1427675658213,2015-03-30-8-34-18AM,1011.6303,13.494093,399,205
659,1427675658414,2015-03-30-8-34-18AM,1011.53186,14.313198,201,205
660,1427675658614,2015-03-30-8-34-18AM,1011.5778,13.930068,200,205
661,1427675658815,2015-03-30-8-34-18AM,1011.6025,13.72397,201,205
662,1427675659020,2015-03-30-8-34-19AM,1011.5888,13.840231,205,205
663,1427675659414,2015-03-30-8-34-19AM,1011.58734,13.8508,394,205
664,1427675659615,2015-03-30-8-34-19AM,1011.54407,14.212791,201,205
665,1427675659815,2015-03-30-8-34-19AM,1011.4654,14.868075,200,205
666,1427675660016,2015-03-30-8-34-20AM,1011.5456,14.19958,201,205
667,1427675660416,2015-03-30-8-34-20AM,1011.51434,14.461165,400,205
668,1427675660817,2015-03-30-8-34-20AM,1011.55304,14.138807,401,205
669,1427675661017,2015-03-30-8-34-21AM,1011.56903,14.004051,200,205
670,1427675661217,2015-03-30-8-34-21AM,1011.53455,14.29206,200,205
671,1427675661617,2015-03-30-8-34-21AM,1011.6576,13.266857,400,205
672,1427675661819,2015-03-30-8-34-21AM,1011.51697,14.437385,202,205
673,1427675662019,2015-03-30-8-34-22AM,1011.5926,13.808523,200,205
674,1427675662219,2015-03-30-8-34-22AM,1011.6117,13.649987,200,205
675,1427675662617,2015-03-30-8-34-22AM,1011.63226,13.478239,398,205
676,1427675663018,2015-03-30-8-34-23AM,1011.5527,14.14145,401,205
677,1427675663219,2015-03-30-8-34-23AM,1011.5252,14.368686,201,205
678,1427675663419,2015-03-30-8-34-23AM,1011.66144,13.23515,200,205
679,1427675663620,2015-03-30-8-34-23AM,1011.59924,13.753036,201,205
680,1427675664019,2015-03-30-8-34-24AM,1011.5562,14.109743,399,205
681,1427675664219,2015-03-30-8-34-24AM,1011.5467,14.191653,200,205
682,1427675664420,2015-03-30-8-34-24AM,1011.60895,13.671125,201,205
683,1427675664620,2015-03-30-8-34-24AM,1011.56024,14.078035,200,205
684,1427675664820,2015-03-30-8-34-24AM,1011.70807,12.844093,200,205
685,1427675665213,2015-03-30-8-34-25AM,1011.7579,12.429256,393,205
686,1427675665413,2015-03-30-8-34-25AM,1011.73145,12.651207,200,205
687,1427675665613,2015-03-30-8-34-25AM,1011.477,14.770311,200,205
688,1427675665813,2015-03-30-8-34-25AM,1011.58636,13.8587265,200,205
689,1427675666013,2015-03-30-8-34-26AM,1011.57184,13.980271,200,205
690,1427675666213,2015-03-30-8-34-26AM,1011.5953,13.784743,200,205
691,1427675666415,2015-03-30-8-34-26AM,1011.6028,13.72397,202,205
692,1427675666813,2015-03-30-8-34-26AM,1011.65314,13.303849,398,205
693,1427675667013,2015-03-30-8-34-27AM,1011.5671,14.019905,200,205
694,1427675667213,2015-03-30-8-34-27AM,1011.678,13.09511,200,205
695,1427675667413,2015-03-30-8-34-27AM,1011.64954,13.332914,200,205
696,1427675667613,2015-03-30-8-34-27AM,1011.58167,13.898361,200,205
697,1427675667813,2015-03-30-8-34-27AM,1011.65906,13.253646,200,205
698,1427675668013,2015-03-30-8-34-28AM,1011.41486,15.290839,200,205
699,1427675668213,2015-03-30-8-34-28AM,1011.67554,13.116247,200,205
700,1427675668413,2015-03-30-8-34-28AM,1011.627,13.520515,200,205
701,1427675668613,2015-03-30-8-34-28AM,1011.49896,14.587995,200,205
702,1427675668813,2015-03-30-8-34-28AM,1011.55975,14.080678,200,205
703,1427675669013,2015-03-30-8-34-29AM,1011.6696,13.1664505,200,205
704,1427675669213,2015-03-30-8-34-29AM,1011.51996,14.413604,200,205
705,1427675669413,2015-03-30-8-34-29AM,1011.62067,13.573361,200,205
706,1427675669613,2015-03-30-8-34-29AM,1011.638,13.428036,200,205
707,1427675669813,2015-03-30-8-34-29AM,1011.68805,13.013199,200,205
708,1427675670013,2015-03-30-8-34-30AM,1011.6429,13.388402,200,205
709,1427675670213,2015-03-30-8-34-30AM,1011.66394,13.214012,200,205
710,1427675670413,2015-03-30-8-34-30AM,1011.6291,13.504662,200,205
711,1427675670613,2015-03-30-8-34-30AM,1011.6988,12.923362,200,205
712,1427675670813,2015-03-30-8-34-30AM,1011.71423,12.79389,200,205
713,1427675671013,2015-03-30-8-34-31AM,1011.63464,13.457101,200,205
714,1427675671213,2015-03-30-8-34-31AM,1011.70917,12.836166,200,205
715,1427675671413,2015-03-30-8-34-31AM,1011.72473,12.706696,200,205
716,1427675671613,2015-03-30-8-34-31AM,1011.7947,12.122753,200,205
717,1427675672013,2015-03-30-8-34-32AM,1011.8182,11.927224,400,205
718,1427675672213,2015-03-30-8-34-32AM,1011.98895,10.503038,200,205
719,1427675672413,2015-03-30-8-34-32AM,1012.0577,9.932307,200,205
720,1427675672613,2015-03-30-8-34-32AM,1011.8947,11.290437,200,205
721,1427675672813,2015-03-30-8-34-32AM,1011.9228,11.055274,200,205
722,1427675673013,2015-03-30-8-34-33AM,1011.956,10.777835,200,205
723,1427675673213,2015-03-30-8-34-33AM,1011.9484,10.841249,200,205
724,1427675673413,2015-03-30-8-34-33AM,1011.9631,10.719706,200,205
725,1427675673613,2015-03-30-8-34-33AM,1011.93506,10.952226,200,205
726,1427675673813,2015-03-30-8-34-33AM,1011.9899,10.495111,200,205
727,1427675674013,2015-03-30-8-34-34AM,1011.84796,11.67885,200,205
728,1427675674213,2015-03-30-8-34-34AM,1011.88464,11.372347,200,205
729,1427675674413,2015-03-30-8-34-34AM,1012.0927,9.639015,200,205
730,1427675674613,2015-03-30-8-34-34AM,1012.0304,10.159543,200,205
731,1427675674813,2015-03-30-8-34-34AM,1011.8921,11.311575,200,205
732,1427675675013,2015-03-30-8-34-35AM,1011.9607,10.740844,200,205
733,1427675675213,2015-03-30-8-34-35AM,1011.9481,10.843892,200,205
734,1427675675413,2015-03-30-8-34-35AM,1011.987,10.521535,200,205
735,1427675675613,2015-03-30-8-34-35AM,1012.00415,10.378852,200,205
736,1427675675813,2015-03-30-8-34-35AM,1011.8729,11.470111,200,205
737,1427675676013,2015-03-30-8-34-36AM,1011.872,11.478038,200,205
738,1427675676213,2015-03-30-8-34-36AM,1012.008,10.344502,200,205
739,1427675676413,2015-03-30-8-34-36AM,1011.932,10.978648,200,205
740,1427675676813,2015-03-30-8-34-36AM,1011.9237,11.047347,400,205
741,1427675677013,2015-03-30-8-34-37AM,1011.9921,10.476616,200,205
742,1427675677213,2015-03-30-8-34-37AM,1011.98413,10.545315,200,205
743,1427675677613,2015-03-30-8-34-37AM,1012.01434,10.2916565,400,205
744,1427675677813,2015-03-30-8-34-37AM,1012.0517,9.979869,200,205
745,1427675678013,2015-03-30-8-34-38AM,1012.0991,9.58617,200,205
746,1427675678213,2015-03-30-8-34-38AM,1012.06635,9.858324,200,205
747,1427675678413,2015-03-30-8-34-38AM,1012.04407,10.045925,200,205
748,1427675678613,2015-03-30-8-34-38AM,1012.0313,10.151616,200,205
749,1427675678813,2015-03-30-8-34-38AM,1012.0742,9.792267,200,205
750,1427675679013,2015-03-30-8-34-39AM,1012.08,9.744706,200,205
751,1427675679213,2015-03-30-8-34-39AM,1012.2363,8.442065,200,205
752,1427675679413,2015-03-30-8-34-39AM,1012.2128,8.637593,200,205
753,1427675679613,2015-03-30-8-34-39AM,1012.16815,9.010154,200,205
754,1427675679813,2015-03-30-8-34-39AM,1012.2812,8.069505,200,205
755,1427675680013,2015-03-30-8-34-40AM,1012.33704,7.6044645,200,205
756,1427675680213,2015-03-30-8-34-40AM,1012.4259,6.861985,200,205
757,1427675680413,2015-03-30-8-34-40AM,1012.3809,7.2371883,200,205
758,1427675680613,2015-03-30-8-34-40AM,1012.46533,6.5343432,200,205
759,1427675680813,2015-03-30-8-34-40AM,1012.5516,5.8156447,200,205
760,1427675681013,2015-03-30-8-34-41AM,1012.4247,6.8725543,200,205
761,1427675681213,2015-03-30-8-34-41AM,1012.41223,6.9782453,200,205
762,1427675681413,2015-03-30-8-34-41AM,1012.3337,7.630887,200,205
763,1427675681613,2015-03-30-8-34-41AM,1012.3079,7.8475533,200,205
764,1427675681813,2015-03-30-8-34-41AM,1012.2735,8.132919,200,205
765,1427675682013,2015-03-30-8-34-42AM,1012.33124,7.652025,200,205
766,1427675682213,2015-03-30-8-34-42AM,1012.3844,7.208123,200,205
767,1427675682413,2015-03-30-8-34-42AM,1012.263,8.220114,200,205
768,1427675682813,2015-03-30-8-34-42AM,1012.4128,6.972961,400,205
769,1427675683013,2015-03-30-8-34-43AM,1012.21533,8.616455,200,205
770,1427675683213,2015-03-30-8-34-43AM,1012.1048,9.538609,200,205
771,1427675683413,2015-03-30-8-34-43AM,1012.09644,9.60995,200,205
772,1427675683613,2015-03-30-8-34-43AM,1012.2501,8.328447,200,205
773,1427675683813,2015-03-30-8-34-43AM,1012.1238,9.380073,200,205
774,1427675684013,2015-03-30-8-34-44AM,1012.14575,9.197756,200,205
775,1427675684213,2015-03-30-8-34-44AM,1012.2894,8.000805,200,205
776,1427675684413,2015-03-30-8-34-44AM,1012.0812,9.734137,200,205
777,1427675684613,2015-03-30-8-34-44AM,1012.09607,9.612593,200,205
778,1427675684813,2015-03-30-8-34-44AM,1012.0705,9.823975,200,205
779,1427675685013,2015-03-30-8-34-45AM,1011.95404,10.793689,200,205
780,1427675685213,2015-03-30-8-34-45AM,1011.9844,10.542673,200,205
781,1427675685413,2015-03-30-8-34-45AM,1011.9601,10.743485,200,205
782,1427675685613,2015-03-30-8-34-45AM,1011.9044,11.208526,200,205
783,1427675685813,2015-03-30-8-34-45AM,1011.86316,11.552021,200,205
784,1427675686013,2015-03-30-8-34-46AM,1011.737,12.603646,200,205
785,1427675686213,2015-03-30-8-34-46AM,1011.8901,11.327428,200,205
786,1427675686413,2015-03-30-8-34-46AM,1011.82043,11.908729,200,205
787,1427675686613,2015-03-30-8-34-46AM,1011.8743,11.459542,200,205
788,1427675686813,2015-03-30-8-34-46AM,1011.7038,12.881085,200,205
789,1427675687013,2015-03-30-8-34-47AM,1011.8625,11.557306,200,205
790,1427675687213,2015-03-30-8-34-47AM,1011.7608,12.405476,200,205
791,1427675687413,2015-03-30-8-34-47AM,1011.72797,12.680272,200,205
792,1427675687613,2015-03-30-8-34-47AM,1011.74225,12.56137,200,205
793,1427675687813,2015-03-30-8-34-47AM,1011.66534,13.2008,200,205
794,1427675688013,2015-03-30-8-34-48AM,1011.8498,11.662997,200,205
795,1427675688213,2015-03-30-8-34-48AM,1011.79205,12.14389,200,205
796,1427675688413,2015-03-30-8-34-48AM,1011.8173,11.935151,200,205
797,1427675688613,2015-03-30-8-34-48AM,1011.7648,12.373769,200,205
798,1427675688813,2015-03-30-8-34-48AM,1011.8032,12.051412,200,205
799,1427675689013,2015-03-30-8-34-49AM,1011.80414,12.043485,200,205
800,1427675689213,2015-03-30-8-34-49AM,1011.83325,11.800395,200,205
801,1427675689413,2015-03-30-8-34-49AM,1011.8804,11.409339,200,205
802,1427675689613,2015-03-30-8-34-49AM,1011.84,11.744907,200,205
803,1427675689813,2015-03-30-8-34-49AM,1011.791,12.15446,200,205
804,1427675690013,2015-03-30-8-34-50AM,1011.7861,12.194094,200,205
805,1427675690213,2015-03-30-8-34-50AM,1011.78357,12.215232,200,205
806,1427675690413,2015-03-30-8-34-50AM,1011.8274,11.850598,200,205
807,1427675690613,2015-03-30-8-34-50AM,1011.8172,11.935151,200,205
808,1427675690813,2015-03-30-8-34-50AM,1011.85785,11.59694,200,205
809,1427675691013,2015-03-30-8-34-51AM,1011.81055,11.990639,200,205
810,1427675691213,2015-03-30-8-34-51AM,1011.83435,11.792468,200,205
811,1427675691413,2015-03-30-8-34-51AM,1011.9377,10.9310875,200,205
812,1427675691813,2015-03-30-8-34-51AM,1011.78107,12.23637,400,205
813,1427675692013,2015-03-30-8-34-52AM,1011.80774,12.01442,200,205
814,1427675692213,2015-03-30-8-34-52AM,1011.7446,12.540232,200,205
815,1427675692413,2015-03-30-8-34-52AM,1011.8879,11.345924,200,205
816,1427675692813,2015-03-30-8-34-52AM,1011.74335,12.550801,400,205
817,1427675693213,2015-03-30-8-34-53AM,1011.7063,12.859947,400,205
818,1427675693413,2015-03-30-8-34-53AM,1011.8577,11.59694,200,205
819,1427675693813,2015-03-30-8-34-53AM,1011.49976,14.582709,400,205
820,1427675694013,2015-03-30-8-34-54AM,1011.5009,14.572141,200,205
821,1427675694213,2015-03-30-8-34-54AM,1011.49567,14.61706,200,205
822,1427675694613,2015-03-30-8-34-54AM,1011.3068,16.189213,400,205
823,1427675694813,2015-03-30-8-34-54AM,1011.33636,15.9434805,200,205
824,1427675695213,2015-03-30-8-34-55AM,1011.29315,16.305471,400,205
825,1427675695413,2015-03-30-8-34-55AM,1011.2697,16.501001,200,205
826,1427675695613,2015-03-30-8-34-55AM,1011.2463,16.693886,200,205
827,1427675695813,2015-03-30-8-34-55AM,1011.3116,16.149578,200,205
828,1427675696213,2015-03-30-8-34-56AM,1011.31146,16.15222,400,205
829,1427675696613,2015-03-30-8-34-56AM,1011.2487,16.67539,400,205
830,1427675696813,2015-03-30-8-34-56AM,1011.23376,16.799578,200,205
831,1427675697013,2015-03-30-8-34-57AM,1010.9727,18.97681,200,205
832,1427675697213,2015-03-30-8-34-57AM,1010.91876,19.425999,200,205
833,1427675697413,2015-03-30-8-34-57AM,1010.88275,19.727217,200,205
834,1427675697613,2015-03-30-8-34-57AM,1011.02026,18.580471,200,205
835,1427675697813,2015-03-30-8-34-57AM,1010.98254,18.894901,200,205
836,1427675698013,2015-03-30-8-34-58AM,1010.92004,19.415428,200,205
837,1427675698213,2015-03-30-8-34-58AM,1010.90063,19.576607,200,205
838,1427675698413,2015-03-30-8-34-58AM,1010.9221,19.399574,200,205
839,1427675698613,2015-03-30-8-34-58AM,1011.02203,18.564617,200,205
840,1427675698813,2015-03-30-8-34-58AM,1010.9107,19.494698,200,205
841,1427675699013,2015-03-30-8-34-59AM,1010.9201,19.415428,200,205
842,1427675699213,2015-03-30-8-34-59AM,1011.0358,18.450998,200,205
843,1427675699413,2015-03-30-8-34-59AM,1011.0025,18.728437,200,205
844,1427675699613,2015-03-30-8-34-59AM,1011.1844,17.211773,200,205
845,1427675699813,2015-03-30-8-34-59AM,1011.1512,17.48921,200,205
846,1427675700013,2015-03-30-8-35-00AM,1011.08374,18.052015,200,205
847,1427675700213,2015-03-30-8-35-00AM,1011.04047,18.411366,200,205
848,1427675700413,2015-03-30-8-35-00AM,1011.27893,16.424374,200,205
849,1427675700613,2015-03-30-8-35-00AM,1011.23065,16.826,200,205
850,1427675700813,2015-03-30-8-35-00AM,1011.2718,16.482504,200,205
851,1427675701013,2015-03-30-8-35-01AM,1011.4143,15.293482,200,205
852,1427675701413,2015-03-30-8-35-01AM,1011.56555,14.033116,400,205
853,1427675701613,2015-03-30-8-35-01AM,1011.64935,13.335556,200,205
854,1427675702013,2015-03-30-8-35-02AM,1011.64453,13.375191,400,205
855,1427675702213,2015-03-30-8-35-02AM,1011.6582,13.261573,200,205
856,1427675702413,2015-03-30-8-35-02AM,1011.4609,14.905067,200,205
857,1427675702813,2015-03-30-8-35-02AM,1011.3358,15.948765,400,205
858,1427675703013,2015-03-30-8-35-03AM,1011.3752,15.621123,200,205
859,1427675703213,2015-03-30-8-35-03AM,1011.476,14.778238,200,205
860,1427675703413,2015-03-30-8-35-03AM,1011.572,13.980271,200,205
861,1427675703613,2015-03-30-8-35-03AM,1011.6857,13.031694,200,205
862,1427675703813,2015-03-30-8-35-03AM,1011.6417,13.398971,200,205
863,1427675704013,2015-03-30-8-35-04AM,1011.35913,15.753237,200,205
864,1427675704213,2015-03-30-8-35-04AM,1011.50323,14.553644,200,205
865,1427675704413,2015-03-30-8-35-04AM,1011.4757,14.78088,200,205
866,1427675704613,2015-03-30-8-35-04AM,1011.50024,14.577425,200,205
867,1427675704813,2015-03-30-8-35-04AM,1011.626,13.528442,200,205
868,1427675705013,2015-03-30-8-35-05AM,1011.33966,15.917058,200,205
869,1427675705213,2015-03-30-8-35-05AM,1011.2434,16.72031,200,205
870,1427675705413,2015-03-30-8-35-05AM,1010.98035,18.913397,200,205
871,1427675705613,2015-03-30-8-35-05AM,1011.12604,17.69795,200,205
872,1427675705813,2015-03-30-8-35-05AM,1011.1475,17.518276,200,205
873,1427675706013,2015-03-30-8-35-06AM,1011.32385,16.049171,200,205
874,1427675706213,2015-03-30-8-35-06AM,1011.34766,15.851001,200,205
875,1427675706413,2015-03-30-8-35-06AM,1011.3223,16.062384,200,205
876,1427675706613,2015-03-30-8-35-06AM,1010.94507,19.20669,200,205
877,1427675706813,2015-03-30-8-35-06AM,1010.8603,19.914818,200,205
878,1427675707013,2015-03-30-8-35-07AM,1010.7781,20.599167,200,205
879,1427675707213,2015-03-30-8-35-07AM,1010.8546,19.96238,200,205
880,1427675707413,2015-03-30-8-35-07AM,1011.11084,17.82478,200,205
881,1427675707812,2015-03-30-8-35-07AM,1011.07306,18.13921,399,205
882,1427675708013,2015-03-30-8-35-08AM,1010.8073,20.35608,201,205
883,1427675708213,2015-03-30-8-35-08AM,1010.6062,22.033922,200,205
884,1427675708413,2015-03-30-8-35-08AM,1010.5944,22.131687,200,205
885,1427675708613,2015-03-30-8-35-08AM,1010.7264,21.032501,200,205
886,1427675708813,2015-03-30-8-35-08AM,1010.6608,21.57945,200,205
887,1427675709013,2015-03-30-8-35-09AM,1010.7423,20.897745,200,205
888,1427675709213,2015-03-30-8-35-09AM,1010.7307,20.995508,200,205
889,1427675709413,2015-03-30-8-35-09AM,1010.5638,22.387987,200,205
890,1427675709613,2015-03-30-8-35-09AM,1010.4935,22.974571,200,205
891,1427675710013,2015-03-30-8-35-10AM,1010.7617,20.736565,400,205
892,1427675710213,2015-03-30-8-35-10AM,1010.83923,20.089209,200,205
893,1427675710413,2015-03-30-8-35-10AM,1011.02545,18.538193,200,205
894,1427675710613,2015-03-30-8-35-10AM,1010.998,18.765429,200,205
895,1427675710813,2015-03-30-8-35-10AM,1010.86536,19.872541,200,205
896,1427675711013,2015-03-30-8-35-11AM,1010.7624,20.731281,200,205
897,1427675711213,2015-03-30-8-35-11AM,1010.6091,22.010141,200,205
898,1427675711413,2015-03-30-8-35-11AM,1010.9319,19.317665,200,205
899,1427675711613,2015-03-30-8-35-11AM,1010.8738,19.8012,200,205
900,1427675712013,2015-03-30-8-35-12AM,1010.84534,20.039005,400,205
901,1427675712213,2015-03-30-8-35-12AM,1010.7245,21.048353,200,205
902,1427675712413,2015-03-30-8-35-12AM,1010.3946,23.798962,200,205
903,1427675712613,2015-03-30-8-35-12AM,1010.3112,24.496521,200,205
904,1427675712813,2015-03-30-8-35-12AM,1010.32465,24.382904,200,205
905,1427675713013,2015-03-30-8-35-13AM,1010.49756,22.940222,200,205
906,1427675713213,2015-03-30-8-35-13AM,1010.4237,23.555872,200,205
907,1427675713413,2015-03-30-8-35-13AM,1010.3705,24.002417,200,205
908,1427675713813,2015-03-30-8-35-13AM,1010.3189,24.430464,400,205
909,1427675714013,2015-03-30-8-35-14AM,1010.19257,25.484732,200,205
910,1427675714213,2015-03-30-8-35-14AM,1010.15155,25.828228,200,205
911,1427675714413,2015-03-30-8-35-14AM,1010.29333,24.64449,200,205
912,1427675714613,2015-03-30-8-35-14AM,1010.2348,25.133308,200,205
913,1427675714813,2015-03-30-8-35-14AM,1010.2219,25.241642,200,205
914,1427675715013,2015-03-30-8-35-15AM,1010.3051,24.546724,200,205
915,1427675715213,2015-03-30-8-35-15AM,1010.4485,23.349775,200,205
916,1427675715413,2015-03-30-8-35-15AM,1010.92456,19.378437,200,205
917,1427675715613,2015-03-30-8-35-15AM,1010.7961,20.4512,200,205
918,1427675715813,2015-03-30-8-35-15AM,1010.91364,19.468273,200,205
919,1427675716213,2015-03-30-8-35-16AM,1011.02356,18.551405,400,205
920,1427675716413,2015-03-30-8-35-16AM,1010.9344,19.296526,200,205
921,1427675716613,2015-03-30-8-35-16AM,1011.0283,18.51177,200,205
922,1427675716813,2015-03-30-8-35-16AM,1011.0676,18.18413,200,205
923,1427675717013,2015-03-30-8-35-17AM,1011.08167,18.06787,200,205
924,1427675717213,2015-03-30-8-35-17AM,1011.2002,17.079659,200,205
925,1427675717413,2015-03-30-8-35-17AM,1011.1558,17.449577,200,205
926,1427675717813,2015-03-30-8-35-17AM,1011.1413,17.571121,400,205
927,1427675718013,2015-03-30-8-35-18AM,1011.17017,17.330675,200,205
928,1427675718213,2015-03-30-8-35-18AM,1011.343,15.887993,200,205
929,1427675718413,2015-03-30-8-35-18AM,1011.2101,16.997747,200,205
930,1427675718613,2015-03-30-8-35-18AM,1011.24884,16.672749,200,205
931,1427675718813,2015-03-30-8-35-18AM,1011.3112,16.154863,200,205
932,1427675719213,2015-03-30-8-35-19AM,1011.0448,18.374372,400,205
933,1427675719613,2015-03-30-8-35-19AM,1011.0039,18.715225,400,205
934,1427675720013,2015-03-30-8-35-20AM,1011.0137,18.635958,400,205
935,1427675720213,2015-03-30-8-35-20AM,1010.8838,19.71929,200,205
936,1427675720413,2015-03-30-8-35-20AM,1010.86975,19.83555,200,205
937,1427675720613,2015-03-30-8-35-20AM,1010.81995,20.250387,200,205
938,1427675720813,2015-03-30-8-35-20AM,1010.7265,21.029858,200,205
939,1427675721013,2015-03-30-8-35-21AM,1010.8054,20.371931,200,205
940,1427675721213,2015-03-30-8-35-21AM,1010.92975,19.33616,200,205
941,1427675721413,2015-03-30-8-35-21AM,1010.9952,18.78921,200,205
942,1427675721613,2015-03-30-8-35-21AM,1010.97314,18.974169,200,205
943,1427675721813,2015-03-30-8-35-21AM,1010.9124,19.478844,200,205
944,1427675722013,2015-03-30-8-35-22AM,1010.7979,20.435347,200,205
945,1427675722213,2015-03-30-8-35-22AM,1010.6324,21.814613,200,205
946,1427675722413,2015-03-30-8-35-22AM,1010.68445,21.38128,200,205
947,1427675722613,2015-03-30-8-35-22AM,1010.4823,23.06705,200,205
948,1427675722813,2015-03-30-8-35-22AM,1010.46454,23.21502,200,205
949,1427675723013,2015-03-30-8-35-23AM,1010.83075,20.16055,200,205
950,1427675723213,2015-03-30-8-35-23AM,1010.8571,19.94124,200,205
951,1427675723413,2015-03-30-8-35-23AM,1010.7491,20.842257,200,205
952,1427675723813,2015-03-30-8-35-23AM,1010.9318,19.317665,400,205
953,1427675724013,2015-03-30-8-35-24AM,1010.7455,20.87132,200,205
954,1427675724213,2015-03-30-8-35-24AM,1010.6772,21.442053,200,205
955,1427675724413,2015-03-30-8-35-24AM,1010.53467,22.631077,200,205
956,1427675724613,2015-03-30-8-35-24AM,1010.41437,23.63514,200,205
957,1427675724813,2015-03-30-8-35-24AM,1010.5322,22.652214,200,205
958,1427675725213,2015-03-30-8-35-25AM,1010.607,22.025995,400,205
959,1427675725413,2015-03-30-8-35-25AM,1010.5308,22.662783,200,205
960,1427675725613,2015-03-30-8-35-25AM,1010.5174,22.776402,200,205
961,1427675725813,2015-03-30-8-35-25AM,1010.5945,22.131687,200,205
962,1427675726013,2015-03-30-8-35-26AM,1010.4219,23.571726,200,205
963,1427675726213,2015-03-30-8-35-26AM,1010.6165,21.94937,200,205
964,1427675726413,2015-03-30-8-35-26AM,1010.49634,22.95079,200,205
965,1427675726613,2015-03-30-8-35-26AM,1010.5069,22.863596,200,205
966,1427675726813,2015-03-30-8-35-26AM,1010.64777,21.687784,200,205
967,1427675727013,2015-03-30-8-35-27AM,1010.49286,22.979856,200,205
968,1427675727213,2015-03-30-8-35-27AM,1010.42334,23.558514,200,205
969,1427675727413,2015-03-30-8-35-27AM,1010.3792,23.928432,200,205
970,1427675727613,2015-03-30-8-35-27AM,1010.26733,24.861155,200,205
971,1427675727813,2015-03-30-8-35-27AM,1010.239,25.098959,200,205
972,1427675728013,2015-03-30-8-35-28AM,1010.38965,23.841238,200,205
973,1427675728213,2015-03-30-8-35-28AM,1010.44116,23.410547,200,205
974,1427675728413,2015-03-30-8-35-28AM,1010.44946,23.341848,200,205
975,1427675728613,2015-03-30-8-35-28AM,1010.33997,24.256075,200,205
976,1427675728813,2015-03-30-8-35-28AM,1010.5404,22.583515,200,205
977,1427675729013,2015-03-30-8-35-29AM,1010.2782,24.771318,200,205
978,1427675729412,2015-03-30-8-35-29AM,1010.15326,25.812374,399,205
979,1427675729612,2015-03-30-8-35-29AM,1010.20715,25.363188,200,205
980,1427675729812,2015-03-30-8-35-29AM,1010.34094,24.248148,200,205
981,1427675730012,2015-03-30-8-35-30AM,1010.20746,25.360544,200,205
982,1427675730212,2015-03-30-8-35-30AM,1010.32196,24.406685,200,205
983,1427675730412,2015-03-30-8-35-30AM,1010.31165,24.491238,200,205
984,1427675730612,2015-03-30-8-35-30AM,1010.1877,25.527008,200,205
985,1427675730813,2015-03-30-8-35-30AM,1010.13617,25.955057,201,205
986,1427675731013,2015-03-30-8-35-31AM,1010.2622,24.90343,200,205
987,1427675731413,2015-03-30-8-35-31AM,1010.3132,24.478025,400,205
988,1427675731613,2015-03-30-8-35-31AM,1010.2416,25.077822,200,205
989,1427675731813,2015-03-30-8-35-31AM,1010.2811,24.747538,200,205
990,1427675732013,2015-03-30-8-35-32AM,1010.2535,24.977415,200,205
991,1427675732213,2015-03-30-8-35-32AM,1010.31415,24.470098,200,205
992,1427675732413,2015-03-30-8-35-32AM,1010.36664,24.034122,200,205
993,1427675732613,2015-03-30-8-35-32AM,1010.42426,23.55323,200,205
994,1427675733013,2015-03-30-8-35-33AM,1010.4396,23.423758,400,205
995,1427675733213,2015-03-30-8-35-33AM,1010.47375,23.138393,200,205
996,1427675733413,2015-03-30-8-35-33AM,1010.4985,22.932295,200,205
997,1427675733613,2015-03-30-8-35-33AM,1010.5167,22.781685,200,205
998,1427675733813,2015-03-30-8-35-33AM,1010.59717,22.110548,200,205
999,1427675734013,2015-03-30-8-35-34AM,1010.5805,22.247946,200,205
1000,1427675734213,2015-03-30-8-35-34AM,1010.6048,22.047134,200,205
1001,1427675734413,2015-03-30-8-35-34AM,1010.53625,22.617865,200,205
1002,1427675734613,2015-03-30-8-35-34AM,1010.60956,22.004856,200,205
1003,1427675734813,2015-03-30-8-35-34AM,1010.5261,22.702417,200,205
1004,1427675735013,2015-03-30-8-35-35AM,1010.7271,21.024574,200,205
1005,1427675735213,2015-03-30-8-35-35AM,1011.09326,17.970104,200,205
1006,1427675735413,2015-03-30-8-35-35AM,1010.90216,19.566038,200,205
1007,1427675735813,2015-03-30-8-35-35AM,1011.1537,17.468073,400,205
1008,1427675736013,2015-03-30-8-35-36AM,1011.0336,18.469494,200,205
1009,1427675736413,2015-03-30-8-35-36AM,1011.0644,18.213194,400,205
1010,1427675736613,2015-03-30-8-35-36AM,1011.0275,18.519697,200,205
1011,1427675737012,2015-03-30-8-35-37AM,1011.12775,17.68474,399,205
1012,1427675737212,2015-03-30-8-35-37AM,1011.05347,18.303032,200,205
1013,1427675737412,2015-03-30-8-35-37AM,1010.9843,18.879047,200,205
1014,1427675737613,2015-03-30-8-35-37AM,1011.1915,17.151,201,205
1015,1427675737813,2015-03-30-8-35-37AM,1011.2161,16.947544,200,205
1016,1427675738212,2015-03-30-8-35-38AM,1011.03064,18.493275,399,205
1017,1427675738412,2015-03-30-8-35-38AM,1011.2961,16.279049,200,205
1018,1427675738613,2015-03-30-8-35-38AM,1011.08154,18.06787,201,205
1019,1427675738813,2015-03-30-8-35-38AM,1011.19727,17.10344,200,205
1020,1427675739014,2015-03-30-8-35-39AM,1011.1997,17.0823,201,205
1021,1427675739416,2015-03-30-8-35-39AM,1011.06287,18.223763,402,205
1022,1427675739616,2015-03-30-8-35-39AM,1011.1531,17.473358,200,205
1023,1427675740016,2015-03-30-8-35-40AM,1010.9754,18.953032,400,205
1024,1427675741476,2015-03-30-8-35-41AM,1011.23596,16.781082,1460,205
1025,1427675741791,2015-03-30-8-35-41AM,1011.1468,17.526203,315,205
1026,1427675742007,2015-03-30-8-35-42AM,1011.0944,17.962177,216,205
1027,1427675742390,2015-03-30-8-35-42AM,1011.22394,16.881489,383,205
1028,1427675742592,2015-03-30-8-35-42AM,1011.19635,17.111366,202,205
1029,1427675742793,2015-03-30-8-35-42AM,1011.2361,16.781082,201,205
1030,1427675743517,2015-03-30-8-35-43AM,1011.1635,17.386162,724,205
1031,1427675743790,2015-03-30-8-35-43AM,1011.2222,16.8947,273,205
1032,1427675743991,2015-03-30-8-35-43AM,1011.04553,18.369087,201,205
1033,1427675744390,2015-03-30-8-35-44AM,1011.1981,17.098154,399,205
1034,1427675744590,2015-03-30-8-35-44AM,1011.1806,17.243479,200,205
1035,1427675744791,2015-03-30-8-35-44AM,1011.1127,17.808926,201,205
1036,1427675768472,2015-03-30-8-36-08AM,1011.2065,17.026814,23681,205
1037,1427675768791,2015-03-30-8-36-08AM,1011.048,18.34795,319,205
1038,1427675768991,2015-03-30-8-36-08AM,1011.08234,18.062584,200,205
1039,1427675769191,2015-03-30-8-36-09AM,1011.0259,18.53291,200,205
1040,1427675825498,2015-03-30-8-37-05AM,1011.1094,17.837992,56307,205
1041,1427675825790,2015-03-30-8-37-05AM,1010.6124,21.981077,292,205
1042,1427675825998,2015-03-30-8-37-05AM,1010.5428,22.562376,208,205
1043,1427675888486,2015-03-30-8-38-08AM,1010.643,21.727419,62488,205
1044,1427675888720,2015-03-30-8-38-08AM,1009.4366,31.797125,234,205
1045,1427675888992,2015-03-30-8-38-08AM,1009.57275,30.660946,272,205
1046,1427675889392,2015-03-30-8-38-09AM,1009.5661,30.716434,400,205
1047,1427675889592,2015-03-30-8-38-09AM,1009.6482,30.029444,200,205
1048,1427675889992,2015-03-30-8-38-09AM,1009.524,31.067856,400,205
1049,1427675890390,2015-03-30-8-38-10AM,1009.5488,30.859118,398,205
1050,1427675890590,2015-03-30-8-38-10AM,1009.5027,31.244888,200,205
1051,1427675890790,2015-03-30-8-38-10AM,1009.4809,31.427206,200,205
1052,1427675890991,2015-03-30-8-38-10AM,1009.5792,30.60546,201,205
1053,1427675891191,2015-03-30-8-38-11AM,1009.54614,30.882896,200,205
1054,1427675891394,2015-03-30-8-38-11AM,1009.51917,31.10749,203,205
1055,1427675891795,2015-03-30-8-38-11AM,1009.58246,30.579037,401,205
1056,1427675891995,2015-03-30-8-38-11AM,1009.6432,30.07172,200,205
1057,1427675892391,2015-03-30-8-38-12AM,1009.574,30.650377,396,205
1058,1427675892591,2015-03-30-8-38-12AM,1009.6109,30.34123,200,205
1059,1427675892792,2015-03-30-8-38-12AM,1009.51355,31.155052,201,205
1060,1427675892992,2015-03-30-8-38-12AM,1009.69196,29.664808,200,205
1061,1427675893192,2015-03-30-8-38-13AM,1009.57074,30.6768,200,205
1062,1427675893393,2015-03-30-8-38-13AM,1009.6329,30.158915,201,205
1063,1427675893791,2015-03-30-8-38-13AM,1009.6154,30.30424,398,205
1064,1427675893991,2015-03-30-8-38-13AM,1009.5922,30.497126,200,205
1065,1427675894194,2015-03-30-8-38-14AM,1009.6124,30.32802,203,205
1066,1427675894396,2015-03-30-8-38-14AM,1009.5596,30.76928,202,205
1067,1427675894794,2015-03-30-8-38-14AM,1009.6266,30.21176,398,205
1068,1427675894995,2015-03-30-8-38-14AM,1009.6968,29.625175,201,205
1069,1427675895392,2015-03-30-8-38-15AM,1009.5096,31.186758,397,205
1070,1427675895791,2015-03-30-8-38-15AM,1009.6861,29.71237,399,205
1071,1427675895991,2015-03-30-8-38-15AM,1009.5243,31.065214,200,205
1072,1427675896192,2015-03-30-8-38-16AM,1009.5908,30.507694,201,205
1073,1427675896396,2015-03-30-8-38-16AM,1009.51526,31.139198,204,205
1074,1427675896596,2015-03-30-8-38-16AM,1009.65936,29.936964,200,205
1075,1427675896796,2015-03-30-8-38-16AM,1009.5752,30.639809,200,205
1076,1427675896996,2015-03-30-8-38-16AM,1009.5991,30.438995,200,205
1077,1427675897392,2015-03-30-8-38-17AM,1009.56586,30.716434,396,205
1078,1427675897598,2015-03-30-8-38-17AM,1009.56995,30.684727,206,205
1079,1427675897999,2015-03-30-8-38-17AM,1009.508,31.19997,401,205
1080,1427675898392,2015-03-30-8-38-18AM,1009.64417,30.063793,393,205
1081,1427675898592,2015-03-30-8-38-18AM,1009.5354,30.972734,200,205
1082,1427675898793,2015-03-30-8-38-18AM,1009.46497,31.559319,201,205
1083,1427675899192,2015-03-30-8-38-19AM,1009.5665,30.71115,399,205
1084,1427675899392,2015-03-30-8-38-19AM,1009.5053,31.223751,200,205
1085,1427675899792,2015-03-30-8-38-19AM,1009.5305,31.01237,400,205
1086,1427675899993,2015-03-30-8-38-19AM,1009.45557,31.638588,201,205
1087,1427675900195,2015-03-30-8-38-20AM,1009.588,30.531475,202,205
1088,1427675900590,2015-03-30-8-38-20AM,1009.4472,31.707287,395,205
1089,1427675900792,2015-03-30-8-38-20AM,1009.55896,30.774565,202,205
1090,1427675901191,2015-03-30-8-38-21AM,1009.6027,30.409931,399,205
1091,1427675901392,2015-03-30-8-38-21AM,1009.58167,30.58432,201,205
1092,1427675901792,2015-03-30-8-38-21AM,1009.51154,31.170906,400,205
1093,1427675902191,2015-03-30-8-38-22AM,1009.58014,30.597532,399,205
1094,1427675902391,2015-03-30-8-38-22AM,1009.54724,30.872328,200,205
1095,1427675902592,2015-03-30-8-38-22AM,1009.5364,30.964808,201,205
1096,1427675902794,2015-03-30-8-38-22AM,1009.5293,31.022938,202,205
1097,1427675903196,2015-03-30-8-38-23AM,1009.4502,31.683506,402,205
1098,1427675903396,2015-03-30-8-38-23AM,1009.5689,30.692654,200,205
1099,1427675903793,2015-03-30-8-38-23AM,1009.4657,31.554035,397,205
1100,1427675903996,2015-03-30-8-38-23AM,1009.4452,31.725782,203,205
1101,1427675904399,2015-03-30-8-38-24AM,1009.6873,29.704443,403,205
1102,1427675904791,2015-03-30-8-38-24AM,1009.5571,30.790419,392,205
1103,1427675904992,2015-03-30-8-38-24AM,1009.44727,31.707287,201,205
1104,1427675905192,2015-03-30-8-38-25AM,1009.53595,30.96745,200,205
1105,1427675905393,2015-03-30-8-38-25AM,1009.4509,31.678223,201,205
1106,1427675905593,2015-03-30-8-38-25AM,1009.4664,31.54875,200,205
1107,1427675905793,2015-03-30-8-38-25AM,1009.58044,30.594889,200,205
1108,1427675906192,2015-03-30-8-38-26AM,1009.55115,30.840622,399,205
1109,1427675906590,2015-03-30-8-38-26AM,1009.51984,31.102205,398,205
1110,1427675906790,2015-03-30-8-38-26AM,1009.5322,30.999157,200,205
1111,1427675906990,2015-03-30-8-38-26AM,1009.5256,31.054646,200,205
1112,1427675907191,2015-03-30-8-38-27AM,1009.541,30.925175,201,205
1113,1427675907391,2015-03-30-8-38-27AM,1009.60724,30.372938,200,205
1114,1427675907790,2015-03-30-8-38-27AM,1009.58405,30.565825,399,205
1115,1427675907991,2015-03-30-8-38-27AM,1009.6272,30.206474,201,205
1116,1427675908390,2015-03-30-8-38-28AM,1009.6935,29.651598,399,205
1117,1427675908590,2015-03-30-8-38-28AM,1009.69135,29.670094,200,205
1118,1427675909568,2015-03-30-8-38-29AM,1009.6487,30.0268,978,205
1119,1427675909879,2015-03-30-8-38-29AM,1009.52167,31.086353,311,205
1120,1427675910122,2015-03-30-8-38-30AM,1009.486,31.38493,243,205
1121,1427675936529,2015-03-30-8-38-56AM,1009.5194,31.104849,26407,205
1122,1427675936792,2015-03-30-8-38-56AM,1009.82965,28.515419,263,205
1123,1427675936992,2015-03-30-8-38-56AM,1009.70264,29.574972,200,205
1124,1427675937392,2015-03-30-8-38-57AM,1009.7387,29.273752,400,205
1125,1427675938523,2015-03-30-8-38-58AM,1009.68353,29.73615,1131,205
1126,1427675938791,2015-03-30-8-38-58AM,1009.65594,29.966028,268,205
1127,1427675938992,2015-03-30-8-38-58AM,1009.8172,28.61847,201,205
1128,1427675939192,2015-03-30-8-38-59AM,1009.6653,29.88676,200,205
1129,1427675939392,2015-03-30-8-38-59AM,1009.72253,29.408508,200,205
1130,1427676005516,2015-03-30-8-40-05AM,1009.83374,28.48107,66124,205
1131,1427676005794,2015-03-30-8-40-05AM,1009.2817,33.09184,278,205
1132,1427676006191,2015-03-30-8-40-06AM,1009.358,32.452408,397,205
1133,1427676006393,2015-03-30-8-40-06AM,1009.3555,32.473545,202,205
1134,1427676006790,2015-03-30-8-40-06AM,1009.4552,31.64123,397,205
1135,1427676006991,2015-03-30-8-40-06AM,1009.41925,31.94245,201,205
1136,1427676007390,2015-03-30-8-40-07AM,1009.2828,33.08127,399,205
1137,1427676007591,2015-03-30-8-40-07AM,1009.4002,32.100986,201,205
1138,1427676007799,2015-03-30-8-40-07AM,1009.3798,32.270092,208,205
1139,1427676008192,2015-03-30-8-40-08AM,1009.41736,31.958303,393,205
1140,1427676008394,2015-03-30-8-40-08AM,1009.33777,32.621513,202,205
1141,1427676008791,2015-03-30-8-40-08AM,1009.39667,32.13005,397,205
1142,1427676009191,2015-03-30-8-40-09AM,1009.4087,32.029644,400,205
1143,1427676009391,2015-03-30-8-40-09AM,1009.306,32.888382,200,205
1144,1427676009791,2015-03-30-8-40-09AM,1009.423,31.910742,400,205
1145,1427676009991,2015-03-30-8-40-09AM,1009.38837,32.19875,200,205
1146,1427676010193,2015-03-30-8-40-10AM,1009.4157,31.971514,202,205
1147,1427676010593,2015-03-30-8-40-10AM,1009.4751,31.474766,400,205
1148,1427676010999,2015-03-30-8-40-10AM,1009.38403,32.23574,406,205
1149,1427676011392,2015-03-30-8-40-11AM,1009.42944,31.855255,393,205
1150,1427676011792,2015-03-30-8-40-11AM,1009.36053,32.43127,400,205
1151,1427676011992,2015-03-30-8-40-11AM,1009.4036,32.071922,200,205
1152,1427676012192,2015-03-30-8-40-12AM,1009.4672,31.540823,200,205
1153,1427676012591,2015-03-30-8-40-12AM,1009.29236,33.002003,399,205
1154,1427676012792,2015-03-30-8-40-12AM,1009.3947,32.145905,201,205
1155,1427676013192,2015-03-30-8-40-13AM,1009.41376,31.987368,400,205
1156,1427676013393,2015-03-30-8-40-13AM,1009.2792,33.110332,201,205
1157,1427676013593,2015-03-30-8-40-13AM,1009.5336,30.985947,200,205
1158,1427676013793,2015-03-30-8-40-13AM,1009.42175,31.92131,200,205
1159,1427676013993,2015-03-30-8-40-13AM,1009.2861,33.054848,200,205
1160,1427676014193,2015-03-30-8-40-14AM,1009.23004,33.52253,200,205
1161,1427676014393,2015-03-30-8-40-14AM,1009.3993,32.108913,200,205
1162,1427676014792,2015-03-30-8-40-14AM,1009.43274,31.82883,399,205
1163,1427676014992,2015-03-30-8-40-14AM,1009.33875,32.613586,200,205
1164,1427676015192,2015-03-30-8-40-15AM,1009.2299,33.52253,200,205
1165,1427676015392,2015-03-30-8-40-15AM,1009.271,33.179035,200,205
1166,1427676015592,2015-03-30-8-40-15AM,1009.38324,32.243668,200,205
1167,1427676015792,2015-03-30-8-40-15AM,1009.3856,32.22253,200,205
1168,1427676016192,2015-03-30-8-40-16AM,1009.44885,31.694075,400,205
1169,1427676016393,2015-03-30-8-40-16AM,1009.47345,31.487978,201,205
1170,1427676016593,2015-03-30-8-40-16AM,1009.49286,31.3268,200,205
1171,1427676016793,2015-03-30-8-40-16AM,1009.39996,32.103626,200,205
1172,1427676016993,2015-03-30-8-40-16AM,1009.3374,32.624157,200,205
1173,1427676017193,2015-03-30-8-40-17AM,1009.42303,31.910742,200,205
1174,1427676017393,2015-03-30-8-40-17AM,1009.4686,31.530254,200,205
1175,1427676017593,2015-03-30-8-40-17AM,1009.4526,31.662369,200,205
1176,1427676017793,2015-03-30-8-40-17AM,1009.38696,32.21196,200,205
1177,1427676018193,2015-03-30-8-40-18AM,1009.4339,31.818262,400,205
1178,1427676018393,2015-03-30-8-40-18AM,1009.33813,32.61887,200,205
1179,1427676018790,2015-03-30-8-40-18AM,1009.3289,32.695496,397,205
1180,1427676018990,2015-03-30-8-40-18AM,1009.38617,32.217247,200,205
1181,1427676019190,2015-03-30-8-40-19AM,1009.3665,32.381065,200,205
1182,1427676019391,2015-03-30-8-40-19AM,1009.3363,32.634724,201,205
1183,1427676019591,2015-03-30-8-40-19AM,1009.4917,31.337368,200,205
1184,1427676019990,2015-03-30-8-40-19AM,1009.4765,31.464197,399,205
1185,1427676020191,2015-03-30-8-40-20AM,1009.3824,32.248955,201,205
1186,1427676020591,2015-03-30-8-40-20AM,1009.46594,31.551394,400,205
1187,1427676020791,2015-03-30-8-40-20AM,1009.45435,31.649157,200,205
1188,1427676020992,2015-03-30-8-40-20AM,1009.41455,31.982082,201,205
1189,1427676021192,2015-03-30-8-40-21AM,1009.5009,31.260742,200,205
1190,1427676021393,2015-03-30-8-40-21AM,1009.51013,31.181475,201,205
1191,1427676021793,2015-03-30-8-40-21AM,1009.3622,32.41806,400,205
1192,1427676022193,2015-03-30-8-40-22AM,1009.4371,31.79184,400,205
1193,1427676022393,2015-03-30-8-40-22AM,1009.3964,32.132694,200,205
1194,1427676022593,2015-03-30-8-40-22AM,1009.37744,32.29123,200,205
1195,1427676022993,2015-03-30-8-40-22AM,1009.48474,31.395498,400,205
1196,1427676023193,2015-03-30-8-40-23AM,1009.401,32.09306,200,205
1197,1427676023591,2015-03-30-8-40-23AM,1009.3431,32.576595,398,205
1198,1427676023792,2015-03-30-8-40-23AM,1009.4708,31.511759,201,205
1199,1427676024191,2015-03-30-8-40-24AM,1009.47,31.517044,399,205
1200,1427676024392,2015-03-30-8-40-24AM,1009.3963,32.132694,201,205
1201,1427676024593,2015-03-30-8-40-24AM,1009.49164,31.337368,201,205
1202,1427676024992,2015-03-30-8-40-24AM,1009.4848,31.392857,399,205
1203,1427676025265,2015-03-30-8-40-25AM,1009.484,31.400784,273,205
1204,1427676026525,2015-03-30-8-40-26AM,1009.3442,32.56867,1260,205
1205,1427676026791,2015-03-30-8-40-26AM,1009.542,30.917248,266,205
1206,1427676026992,2015-03-30-8-40-26AM,1009.5743,30.647736,201,205
1207,1427676027192,2015-03-30-8-40-27AM,1009.43945,31.773344,200,205
1208,1427676027392,2015-03-30-8-40-27AM,1009.4286,31.86318,200,205
1209,1427676049495,2015-03-30-8-40-49AM,1009.4251,31.892246,22103,205
1210,1427676049791,2015-03-30-8-40-49AM,1009.3363,32.634724,296,205
1211,1427676049992,2015-03-30-8-40-49AM,1009.32825,32.700783,201,205
1212,1427676050193,2015-03-30-8-40-50AM,1009.3535,32.4894,201,205
1213,1427676080550,2015-03-30-8-41-20AM,1009.50024,31.266027,30357,205
1214,1427676080791,2015-03-30-8-41-20AM,1009.4124,31.997936,241,205
1215,1427676080991,2015-03-30-8-41-20AM,1009.51636,31.131271,200,205
1216,1427676081191,2015-03-30-8-41-21AM,1009.47174,31.503832,200,205
1217,1427676081394,2015-03-30-8-41-21AM,1009.3835,32.241028,203,205
1218,1427676081793,2015-03-30-8-41-21AM,1009.5036,31.236961,399,205
1219,1427676082192,2015-03-30-8-41-22AM,1009.5036,31.236961,399,205
1220,1427676082429,2015-03-30-8-41-22AM,1009.55896,30.774565,237,205
1221,1427676083503,2015-03-30-8-41-23AM,1009.42896,31.860538,1074,205
1222,1427676083791,2015-03-30-8-41-23AM,1009.56433,30.729645,288,205
1223,1427676084028,2015-03-30-8-41-24AM,1009.4854,31.390213,237,205
1224,1427676085618,2015-03-30-8-41-25AM,1009.5053,31.223751,1590,205
1225,1427676085992,2015-03-30-8-41-25AM,1009.522,31.08371,374,205
1226,1427676086201,2015-03-30-8-41-26AM,1009.5189,31.110132,209,205
1227,1427676086593,2015-03-30-8-41-26AM,1009.6063,30.378223,392,205
1228,1427676087006,2015-03-30-8-41-27AM,1009.5557,30.800987,413,205
1229,1427676087403,2015-03-30-8-41-27AM,1009.6256,30.219687,397,205
1230,1427676088812,2015-03-30-8-41-28AM,1009.5005,31.263386,1409,205
1231,1427676089170,2015-03-30-8-41-29AM,1009.3581,32.452408,358,205
1232,1427676089370,2015-03-30-8-41-29AM,1009.51263,31.16298,200,205
1233,1427676090599,2015-03-30-8-41-30AM,1009.3883,32.19875,1229,205
1234,1427676090990,2015-03-30-8-41-30AM,1009.506,31.218466,391,205
1235,1427676242515,2015-03-30-8-44-02AM,1009.3859,32.219887,151525,205
1236,1427676242729,2015-03-30-8-44-02AM,1009.4888,31.361149,214,205
1237,1427676242990,2015-03-30-8-44-02AM,1009.4791,31.440416,261,205
1238,1427676243192,2015-03-30-8-44-03AM,1009.4562,31.633303,202,205
1239,1427676243590,2015-03-30-8-44-03AM,1009.52527,31.057287,398,205
1240,1427676243792,2015-03-30-8-44-03AM,1009.5128,31.160336,202,205
1241,1427676244190,2015-03-30-8-44-04AM,1009.5518,30.835337,398,205
1242,1427676244390,2015-03-30-8-44-04AM,1009.50854,31.194685,200,205
1243,1427676244594,2015-03-30-8-44-04AM,1009.5366,30.962166,204,205
1244,1427676244991,2015-03-30-8-44-04AM,1009.6059,30.383507,397,205
1245,1427676245191,2015-03-30-8-44-05AM,1009.5008,31.260742,200,205
1246,1427676245391,2015-03-30-8-44-05AM,1009.4968,31.29245,200,205
1247,1427676245790,2015-03-30-8-44-05AM,1009.5156,31.136555,399,205
1248,1427676245990,2015-03-30-8-44-05AM,1009.5457,30.88554,200,205
1249,1427676246190,2015-03-30-8-44-06AM,1009.4648,31.561962,200,205
1250,1427676246391,2015-03-30-8-44-06AM,1009.5174,31.123344,201,205
1251,1427676246591,2015-03-30-8-44-06AM,1009.56616,30.71379,200,205
1252,1427676246791,2015-03-30-8-44-06AM,1009.5434,30.904036,200,205
1253,1427676246991,2015-03-30-8-44-06AM,1009.52655,31.046719,200,205
1254,1427676247390,2015-03-30-8-44-07AM,1009.53864,30.94367,399,205
1255,1427676247590,2015-03-30-8-44-07AM,1009.4741,31.482693,200,205
1256,1427676247791,2015-03-30-8-44-07AM,1009.3589,32.44448,201,205
1257,1427676247992,2015-03-30-8-44-07AM,1009.4945,31.313587,201,205
1258,1427676248392,2015-03-30-8-44-08AM,1009.488,31.369076,400,205
1259,1427676248592,2015-03-30-8-44-08AM,1009.5181,31.115417,200,205
1260,1427676248991,2015-03-30-8-44-08AM,1009.47485,31.47741,399,205
1261,1427676249391,2015-03-30-8-44-09AM,1009.5027,31.244888,400,205
1262,1427676249592,2015-03-30-8-44-09AM,1009.44977,31.68615,201,205
1263,1427676249792,2015-03-30-8-44-09AM,1009.2969,32.962368,200,205
1264,1427676250191,2015-03-30-8-44-10AM,1009.43744,31.789198,399,205
1265,1427676250391,2015-03-30-8-44-10AM,1009.4467,31.712572,200,205
1266,1427676250591,2015-03-30-8-44-10AM,1009.4174,31.95566,200,205
1267,1427676250791,2015-03-30-8-44-10AM,1009.4758,31.469482,200,205
1268,1427676250991,2015-03-30-8-44-10AM,1009.47314,31.49062,200,205
1269,1427676251193,2015-03-30-8-44-11AM,1009.42957,31.855255,202,205
1270,1427676251404,2015-03-30-8-44-11AM,1009.44763,31.704645,211,205
1271,1427676251623,2015-03-30-8-44-11AM,1009.5043,31.231678,219,205
1272,1427676252000,2015-03-30-8-44-12AM,1009.5119,31.168262,377,205
1273,1427676252205,2015-03-30-8-44-12AM,1009.48895,31.358507,205,205
1274,1427676252408,2015-03-30-8-44-12AM,1009.6114,30.335947,203,205
1275,1427676252805,2015-03-30-8-44-12AM,1009.5029,31.242247,397,205
1276,1427676253200,2015-03-30-8-44-13AM,1009.53394,30.983303,395,205
1277,1427676253401,2015-03-30-8-44-13AM,1009.4786,31.445702,201,205
1278,1427676253603,2015-03-30-8-44-13AM,1009.4266,31.881678,202,205
1279,1427676253803,2015-03-30-8-44-13AM,1009.5892,30.523548,200,205
1280,1427676254004,2015-03-30-8-44-14AM,1009.4773,31.45627,201,205
1281,1427676254204,2015-03-30-8-44-14AM,1009.4414,31.75749,200,205
1282,1427676254404,2015-03-30-8-44-14AM,1009.377,32.293873,200,205
1283,1427676254604,2015-03-30-8-44-14AM,1009.4542,31.649157,200,205
1284,1427676254804,2015-03-30-8-44-14AM,1009.4689,31.527613,200,205
1285,1427676255004,2015-03-30-8-44-15AM,1009.5069,31.210539,200,205
1286,1427676255204,2015-03-30-8-44-15AM,1009.4385,31.781271,200,205
1287,1427676256506,2015-03-30-8-44-16AM,1009.4561,31.633303,1302,205
1288,1427676256790,2015-03-30-8-44-16AM,1009.5014,31.255459,284,205
1289,1427676256992,2015-03-30-8-44-16AM,1009.50806,31.19997,202,205
1290,1427676257392,2015-03-30-8-44-17AM,1009.52454,31.062572,400,205
1291,1427676280485,2015-03-30-8-44-40AM,1009.43567,31.805052,23093,205
1292,1427676280792,2015-03-30-8-44-40AM,1009.5191,31.10749,307,205
1293,1427676280992,2015-03-30-8-44-40AM,1009.4906,31.345295,200,205
1294,1427676281192,2015-03-30-8-44-41AM,1009.52216,31.081068,200,205
1295,1427676281395,2015-03-30-8-44-41AM,1009.56055,30.761353,203,205
1296,1427676282600,2015-03-30-8-44-42AM,1009.5895,30.520906,1205,205
1297,1427676282992,2015-03-30-8-44-42AM,1009.4614,31.591026,392,205
1298,1427676284516,2015-03-30-8-44-44AM,1009.4361,31.799767,1524,205
1299,1427676284791,2015-03-30-8-44-44AM,1009.56793,30.70058,275,205
1300,1427676285025,2015-03-30-8-44-45AM,1009.4307,31.844685,234,205
1301,1427676285391,2015-03-30-8-44-45AM,1009.4533,31.657084,366,205
1302,1427676285592,2015-03-30-8-44-45AM,1009.3809,32.262165,201,205
1303,1427676285793,2015-03-30-8-44-45AM,1009.43823,31.783913,201,205
1304,1427676285993,2015-03-30-8-44-45AM,1009.3772,32.293873,200,205
1305,1427676394502,2015-03-30-8-46-34AM,1009.52563,31.052002,108509,205
1306,1427676394790,2015-03-30-8-46-34AM,1008.40826,40.387157,288,205
1307,1427676394990,2015-03-30-8-46-34AM,1008.4725,39.850777,200,205
1308,1427676395190,2015-03-30-8-46-35AM,1008.2652,41.584106,200,205
1309,1427676395391,2015-03-30-8-46-35AM,1008.5,39.620895,201,205
1310,1427676396586,2015-03-30-8-46-36AM,1008.36566,40.743862,1195,205
1311,1427676396791,2015-03-30-8-46-36AM,1008.41254,40.352806,205,205
1312,1427676396993,2015-03-30-8-46-36AM,1008.4513,40.02781,202,205
1313,1427676398157,2015-03-30-8-46-38AM,1008.4006,40.453213,1164,205
1314,1427676398476,2015-03-30-8-46-38AM,1008.47144,39.861343,319,205
1315,1427676398676,2015-03-30-8-46-38AM,1008.50543,39.575977,200,205
1316,1427676398881,2015-03-30-8-46-38AM,1008.45306,40.014595,205,205
1317,1427676399278,2015-03-30-8-46-39AM,1008.4928,39.68167,397,205
1318,1427676399480,2015-03-30-8-46-39AM,1008.3206,41.121708,202,205
1319,1427676399878,2015-03-30-8-46-39AM,1008.50836,39.552197,398,205
1320,1427676400080,2015-03-30-8-46-40AM,1008.4037,40.426792,202,205
1321,1427676400479,2015-03-30-8-46-40AM,1008.59814,38.801792,399,205
1322,1427676400681,2015-03-30-8-46-40AM,1008.527,39.396305,202,205
1323,1427676401082,2015-03-30-8-46-41AM,1008.503,39.59712,401,205
1324,1427676401309,2015-03-30-8-46-41AM,1008.2928,41.35423,227,205
1325,1427676401683,2015-03-30-8-46-41AM,1008.3653,40.746506,374,205
1326,1427676402081,2015-03-30-8-46-42AM,1008.43414,40.17049,398,205
1327,1427676402483,2015-03-30-8-46-42AM,1008.2326,41.856262,402,205
1328,1427676402883,2015-03-30-8-46-42AM,1008.29803,41.30931,400,205
1329,1427676403085,2015-03-30-8-46-43AM,1008.3843,40.58797,202,205
1330,1427676403297,2015-03-30-8-46-43AM,1008.4224,40.268253,212,205
1331,1427676403688,2015-03-30-8-46-43AM,1008.38495,40.582684,391,205
1332,1427676403890,2015-03-30-8-46-43AM,1008.4118,40.358093,202,205
1333,1427676404091,2015-03-30-8-46-44AM,1008.2274,41.898537,201,205
1334,1427676404487,2015-03-30-8-46-44AM,1008.4318,40.191628,396,205
1335,1427676404881,2015-03-30-8-46-44AM,1008.4474,40.062157,394,205
1336,1427676405083,2015-03-30-8-46-45AM,1008.4118,40.358093,202,205
1337,1427676405478,2015-03-30-8-46-45AM,1008.44507,40.080654,395,205
1338,1427676405678,2015-03-30-8-46-45AM,1008.3776,40.643456,200,205
1339,1427676405882,2015-03-30-8-46-45AM,1008.22394,41.9276,204,205
1340,1427676406082,2015-03-30-8-46-46AM,1008.3575,40.81256,200,205
1341,1427676406482,2015-03-30-8-46-46AM,1008.30896,41.21683,400,205
1342,1427676406882,2015-03-30-8-46-46AM,1008.4075,40.395084,400,205
1343,1427676407281,2015-03-30-8-46-47AM,1008.4394,40.128212,399,205
1344,1427676407686,2015-03-30-8-46-47AM,1008.39136,40.52984,405,205
1345,1427676408094,2015-03-30-8-46-48AM,1008.4228,40.265614,408,205
1346,1427676408497,2015-03-30-8-46-48AM,1008.321,41.116425,403,205
1347,1427676408889,2015-03-30-8-46-48AM,1008.44305,40.096508,392,205
1348,1427676409089,2015-03-30-8-46-49AM,1008.5384,39.30118,200,205
1349,1427676409289,2015-03-30-8-46-49AM,1008.36115,40.780857,200,205
1350,1427676409489,2015-03-30-8-46-49AM,1008.46295,39.930042,200,205
1351,1427676409689,2015-03-30-8-46-49AM,1008.49176,39.689598,200,205
1352,1427676409889,2015-03-30-8-46-49AM,1008.43115,40.196915,200,205
1353,1427676410285,2015-03-30-8-46-50AM,1008.3998,40.458496,396,205
1354,1427676410489,2015-03-30-8-46-50AM,1008.47894,39.797928,204,205
1355,1427676410889,2015-03-30-8-46-50AM,1008.4662,39.90362,400,205
1356,1427676411091,2015-03-30-8-46-51AM,1008.39417,40.506058,202,205
1357,1427676411488,2015-03-30-8-46-51AM,1008.3735,40.677807,397,205
1358,1427676411889,2015-03-30-8-46-51AM,1008.28174,41.44671,401,205
1359,1427676412288,2015-03-30-8-46-52AM,1008.3135,41.17984,399,205
1360,1427676412689,2015-03-30-8-46-52AM,1008.388,40.556263,401,205
1361,1427676413088,2015-03-30-8-46-53AM,1008.3261,41.074146,399,205
1362,1427676413288,2015-03-30-8-46-53AM,1008.49164,39.692238,200,205
1363,1427676413488,2015-03-30-8-46-53AM,1008.36835,40.722725,200,205
1364,1427676413688,2015-03-30-8-46-53AM,1008.38367,40.593254,200,205
1365,1427676413888,2015-03-30-8-46-53AM,1008.4393,40.128212,200,205
1366,1427676414088,2015-03-30-8-46-54AM,1008.3462,40.907684,200,205
1367,1427676414486,2015-03-30-8-46-54AM,1008.45325,40.011955,398,205
1368,1427676414688,2015-03-30-8-46-54AM,1008.44836,40.05423,202,205
1369,1427676414889,2015-03-30-8-46-54AM,1008.3052,41.24854,201,205
1370,1427676415089,2015-03-30-8-46-55AM,1008.36383,40.759716,200,205
1371,1427676415481,2015-03-30-8-46-55AM,1008.27155,41.53126,392,205
1372,1427676415686,2015-03-30-8-46-55AM,1008.2799,41.45992,205,205
1373,1427676415888,2015-03-30-8-46-55AM,1008.3443,40.92354,202,205
1374,1427676416088,2015-03-30-8-46-56AM,1008.3088,41.219475,200,205
1375,1427676416288,2015-03-30-8-46-56AM,1008.3076,41.23004,200,205
1376,1427676416488,2015-03-30-8-46-56AM,1008.45953,39.959106,200,205
1377,1427676416888,2015-03-30-8-46-56AM,1008.3577,40.80992,400,205
1378,1427676417288,2015-03-30-8-46-57AM,1008.38104,40.61439,400,205
1379,1427676417488,2015-03-30-8-46-57AM,1008.4188,40.29996,200,205
1380,1427676417888,2015-03-30-8-46-57AM,1008.5182,39.470287,400,205
1381,1427676418290,2015-03-30-8-46-58AM,1008.2936,41.346302,402,205
1382,1427676418682,2015-03-30-8-46-58AM,1008.30334,41.264393,392,205
1383,1427676418888,2015-03-30-8-46-58AM,1008.3152,41.166626,206,205
1384,1427676419088,2015-03-30-8-46-59AM,1008.4042,40.421505,200,205
1385,1427676419338,2015-03-30-8-46-59AM,1008.4002,40.455856,250,205
1386,1427676419681,2015-03-30-8-46-59AM,1008.4732,39.84549,343,205
1387,1427676419884,2015-03-30-8-46-59AM,1008.41486,40.33167,203,205
1388,1427676420281,2015-03-30-8-47-00AM,1008.45605,39.988174,397,205
1389,1427676420482,2015-03-30-8-47-00AM,1008.3591,40.79935,201,205
1390,1427676420881,2015-03-30-8-47-00AM,1008.503,39.59712,399,205
1391,1427676421081,2015-03-30-8-47-01AM,1008.3108,41.20362,200,205
1392,1427676421282,2015-03-30-8-47-01AM,1008.4325,40.186344,201,205
1393,1427676421685,2015-03-30-8-47-01AM,1008.4025,40.43736,403,205
1394,1427676422083,2015-03-30-8-47-02AM,1008.3174,41.148132,398,205
1395,1427676422491,2015-03-30-8-47-02AM,1008.3265,41.071507,408,205
1396,1427676422882,2015-03-30-8-47-02AM,1008.388,40.556263,391,205
1397,1427676423082,2015-03-30-8-47-03AM,1008.3894,40.545692,200,205
1398,1427676423480,2015-03-30-8-47-03AM,1008.2854,41.415,398,205
1399,1427676423682,2015-03-30-8-47-03AM,1008.3425,40.93675,202,205
1400,1427676423888,2015-03-30-8-47-03AM,1008.37744,40.6461,206,205
1401,1427676424283,2015-03-30-8-47-04AM,1008.46136,39.943256,395,205
1402,1427676424681,2015-03-30-8-47-04AM,1008.50183,39.605045,398,205
1403,1427676424892,2015-03-30-8-47-04AM,1008.4436,40.09122,211,205
1404,1427676425280,2015-03-30-8-47-05AM,1008.3942,40.506058,388,205
1405,1427676425481,2015-03-30-8-47-05AM,1008.46155,39.943256,201,205
1406,1427676425681,2015-03-30-8-47-05AM,1008.46045,39.95118,200,205
1407,1427676425882,2015-03-30-8-47-05AM,1008.39844,40.469067,201,205
1408,1427676426280,2015-03-30-8-47-06AM,1008.46075,39.94854,398,205
1409,1427676426481,2015-03-30-8-47-06AM,1008.282,41.444065,201,205
1410,1427676426681,2015-03-30-8-47-06AM,1008.27203,41.525978,200,205
1411,1427676426891,2015-03-30-8-47-06AM,1008.4468,40.0648,210,205
1412,1427676427281,2015-03-30-8-47-07AM,1008.4159,40.323742,390,205
1413,1427676427681,2015-03-30-8-47-07AM,1008.4202,40.28939,400,205
1414,1427676427882,2015-03-30-8-47-07AM,1008.38464,40.585327,201,205
1415,1427676428283,2015-03-30-8-47-08AM,1008.29584,41.327805,401,205
1416,1427676428681,2015-03-30-8-47-08AM,1008.34985,40.875977,398,205
1417,1427676428882,2015-03-30-8-47-08AM,1008.4161,40.323742,201,205
1418,1427676429082,2015-03-30-8-47-09AM,1008.3317,41.02659,200,205
1419,1427676429284,2015-03-30-8-47-09AM,1008.3196,41.129635,202,205
1420,1427676429682,2015-03-30-8-47-09AM,1008.5075,39.557484,398,205
1421,1427676429891,2015-03-30-8-47-09AM,1008.42865,40.218052,209,205
1422,1427676430281,2015-03-30-8-47-10AM,1008.3985,40.469067,390,205
1423,1427676430481,2015-03-30-8-47-10AM,1008.3451,40.91561,200,205
1424,1427676430687,2015-03-30-8-47-10AM,1008.2815,41.44671,206,205
1425,1427676431081,2015-03-30-8-47-11AM,1008.40497,40.41622,394,205
1426,1427676431283,2015-03-30-8-47-11AM,1008.48706,39.72923,202,205
1427,1427676431685,2015-03-30-8-47-11AM,1008.3668,40.733295,402,205
1428,1427676432132,2015-03-30-8-47-12AM,1008.45935,39.96175,447,205
1429,1427676432527,2015-03-30-8-47-12AM,1008.4669,39.898335,395,205
1430,1427676432881,2015-03-30-8-47-12AM,1008.4123,40.35545,354,205
1431,1427676433082,2015-03-30-8-47-13AM,1008.47046,39.86927,201,205
1432,1427676433481,2015-03-30-8-47-13AM,1008.50555,39.575977,399,205
1433,1427676433681,2015-03-30-8-47-13AM,1008.4796,39.792645,200,205
1434,1427676434080,2015-03-30-8-47-14AM,1008.44366,40.09122,399,205
1435,1427676434282,2015-03-30-8-47-14AM,1008.41986,40.292034,202,205
1436,1427676434689,2015-03-30-8-47-14AM,1008.30273,41.269676,407,205
1437,1427676435082,2015-03-30-8-47-15AM,1008.34753,40.894474,393,205
1438,1427676435282,2015-03-30-8-47-15AM,1008.4179,40.307888,200,205
1439,1427676435618,2015-03-30-8-47-15AM,1008.3575,40.81256,336,205
1440,1427676435881,2015-03-30-8-47-15AM,1008.3101,41.208904,263,205
1441,1427676436180,2015-03-30-8-47-16AM,1008.3847,40.585327,299,205
1442,1427676436482,2015-03-30-8-47-16AM,1008.2831,41.4335,302,205
1443,1427676436890,2015-03-30-8-47-16AM,1008.4033,40.429432,408,205
1444,1427676437281,2015-03-30-8-47-17AM,1008.46124,39.945896,391,205
1445,1427676437481,2015-03-30-8-47-17AM,1008.33124,41.03187,200,205
1446,1427676437682,2015-03-30-8-47-17AM,1008.4174,40.31053,201,205
1447,1427676438758,2015-03-30-8-47-18AM,1008.25574,41.663376,1076,205
1448,1427676439231,2015-03-30-8-47-19AM,1008.361,40.783497,473,205
1449,1427676439466,2015-03-30-8-47-19AM,1008.3202,41.12435,235,205
1450,1427676440032,2015-03-30-8-47-20AM,1008.48,39.78736,566,205
1451,1427677054765,2015-03-30-8-57-34AM,1008.25134,41.700367,614733,205
1452,1427677055473,2015-03-30-8-57-35AM,1008.1342,42.67801,708,205
1453,1427677056949,2015-03-30-8-57-36AM,1008.3335,41.013374,1476,205
1454,1427677057235,2015-03-30-8-57-37AM,1008.2393,41.800774,286,205
1455,1427677057491,2015-03-30-8-57-37AM,1008.2402,41.792847,256,205
1456,1427677057706,2015-03-30-8-57-37AM,1008.29297,41.351585,215,205
1457,1427677057934,2015-03-30-8-57-37AM,1008.32074,41.11907,228,205
1458,1427677058281,2015-03-30-8-57-38AM,1008.15594,42.49569,347,205
1459,1427677058481,2015-03-30-8-57-38AM,1008.2547,41.671303,200,205
1460,1427677058681,2015-03-30-8-57-38AM,1008.16113,42.453415,200,205
1461,1427677059080,2015-03-30-8-57-39AM,1008.0901,43.047928,399,205
1462,1427677059282,2015-03-30-8-57-39AM,1008.2636,41.597317,202,205
1463,1427677059482,2015-03-30-8-57-39AM,1008.27795,41.475773,200,205
1464,1427677059885,2015-03-30-8-57-39AM,1008.2168,41.988373,403,205
1465,1427677060085,2015-03-30-8-57-40AM,1008.20325,42.101994,200,205
